usergroup_id,query_id,search_result_id,feature_1,feature_2,feature_3,relevance_score,true_label
1,313,1,0.521332668957369,0.3613499910471152,0.8320903266908347,89,0
1,1067,2,0.8046381267954097,0.05458695077951514,0.6012747630110841,83,1
1,1485,3,0.9647228264676314,0.8159452934815239,0.118812814736583,8,1
1,1347,4,0.4193509917347735,0.6531802470479472,0.5842281225377521,3,0
1,836,5,0.31900209544614655,0.4591055943556779,0.22723105476687555,84,0
1,1361,6,0.28207950904934764,0.9802937300876445,0.4169860702806959,9,1
1,604,7,0.6909864666521672,0.6761970645143904,0.4489808711232681,86,1
1,1264,8,0.9718774081798304,0.13392472985473414,0.7048374107674906,35,1
1,665,9,0.28581895410133673,0.35077372127584305,0.4204665193167326,5,0
1,387,10,0.4622782156644186,0.5349945906632274,0.5039311634662187,85,0
1,855,11,0.5763309264619612,0.7923812800083373,0.11699168505407775,96,0
1,419,12,0.953923591046441,0.8523529057814802,0.6820721840619755,60,0
1,989,13,0.24714516599113512,0.5913089121291565,0.06233553969352157,19,0
1,855,14,0.9616329756751311,0.07728450205880122,0.31261931039457425,90,1
1,876,15,0.5240260945909234,0.3749599388927555,0.6650779818751699,20,1
1,565,16,0.7283869620900051,0.33805598271969484,0.301245481423972,46,0
1,969,17,0.7813408967587969,0.8801850836644984,0.007690493012202149,84,0
1,1482,18,0.16460922889673513,0.15353796692817334,0.44336417361362856,63,1
1,70,19,0.9747446050002133,0.2635278964970704,0.6497701290924287,15,1
1,789,20,0.9761205778081664,0.04728418130307299,0.8467329178711905,88,0
1,61,21,0.8661700552572066,0.46589816269964646,0.8895003851505621,21,0
1,613,22,0.8433548154726485,0.16144194713721471,0.24522965128691043,84,0
1,770,23,0.32626442173019976,0.9765247126508422,0.9542856965164147,77,0
1,416,24,0.8520664607012145,0.4314327519214979,0.372151915061658,78,0
1,916,25,0.888327957126259,0.9059085478399949,0.0441106339124715,83,0
1,196,26,0.26652645122604,0.20260423331629507,0.309095818663229,7,0
1,800,27,0.17065621992700863,0.5715847303867606,0.17505369848718266,25,0
1,841,28,0.7569787491436959,0.7410890600859894,0.2714445752776833,70,0
1,697,29,0.5777352938932433,0.794794334562074,0.5548197686323529,40,0
1,214,30,0.10786319983515924,0.6655251733029816,0.5955250034890454,81,0
1,492,31,0.39950559905810434,0.9990198619191819,0.15207825875547942,47,0
1,1262,32,0.3319999451656266,0.7162921982641457,0.3932451781304509,55,0
1,759,33,0.6606908139969728,0.6117607144682392,0.6207792045402649,79,0
1,123,34,0.42040515401811773,0.8747933853361693,0.5240851147854245,27,1
1,616,35,0.6486762994843933,0.7182178294539561,0.557882562469137,81,1
1,100,36,0.7993880680782421,0.1303111535265432,0.914578652294737,69,1
1,1409,37,0.7070725522656809,0.7690098651864192,0.7167030908984271,8,0
1,154,38,0.6175353429074992,0.1506704037946014,0.30163854120612,80,0
1,921,39,0.9064677298230023,0.14867378114284735,0.48122767329670324,82,0
1,870,40,0.24778175672116975,0.29045999647245024,0.1009409932318871,39,1
1,269,41,0.5075564988529657,0.7465783320193061,0.29790084223358904,67,1
1,770,42,0.7561116530041684,0.5843115889690907,0.9378953172825425,8,1
1,1185,43,0.2240343969920071,0.34604956190112635,0.6934750091358407,14,1
1,1022,44,0.21169364161314275,0.8009648518752587,0.9913760899808953,66,0
1,784,45,0.6842730451542361,0.0940438579362507,0.41759552523727406,88,0
1,1057,46,0.7806391567523404,0.29723901278210785,0.5259174541486545,45,1
1,27,47,0.8863647883097012,0.8482514170376599,0.9642729361919938,62,1
1,8,48,0.448313688960427,0.3624055237783508,0.6214227866123074,71,0
1,1284,49,0.7162960923749074,0.3262573414243741,0.45823327076125175,11,0
1,15,50,0.17094955422760316,0.5351302326614003,0.730690455162145,100,0
2,1385,51,0.31475925240046,0.9085813785449348,0.6248936960228196,85,1
2,1059,52,0.6321208142767394,0.9620895186886718,0.9694682265466342,38,1
2,851,53,0.14788355200649672,0.07927861483430854,0.9554493538925882,4,0
2,427,54,0.9556823886948198,0.9484697652016916,0.7969919336952096,40,0
2,826,55,0.12785747778850032,0.9607752091425292,0.2538350550515731,52,1
2,538,56,0.7767641682552443,0.34937098199700023,0.5926995210705815,39,0
2,1185,57,0.3186138552686252,0.018078658741152775,0.9384922209843597,35,1
2,1448,58,0.7329052810947219,0.35281337878846697,0.0016084273062878518,18,0
2,1445,59,0.4047577078817064,0.7704602910997901,0.10571433272738817,99,0
2,1187,60,0.7476288452455946,0.12251754577234808,0.46805235650375965,44,0
2,1411,61,0.9003383427056294,0.24472739077553607,0.646426300809957,50,1
2,119,62,0.596143336808424,0.11960666338946646,0.12833211654349452,94,1
2,768,63,0.16392806682708638,0.034164048146521075,0.3348486856741635,86,0
2,1118,64,0.9510694250493024,0.8376506291961819,0.013018712224589502,31,0
2,1467,65,0.5324855828460552,0.5968195271016069,0.7481615008234843,23,0
2,167,66,0.23942739403832702,0.8767157660419681,0.20180298706431077,4,0
2,715,67,0.40842730056298027,0.12337638154854369,0.8380159387493099,16,0
2,1437,68,0.7210925516817865,0.6800467266581528,0.5610600750935618,20,1
2,219,69,0.9353004083865615,0.5750454109530553,0.6373301544148667,4,0
2,707,70,0.906586317718425,0.8377912147170882,0.1792427523562855,78,0
2,1199,71,0.1402892979004947,0.48036166305620576,0.18534099041474328,0,1
2,620,72,0.8717895851144974,0.2874801491292961,0.3407799599104584,22,0
2,566,73,0.5901671803162138,0.5081824397131374,0.9278605435817192,53,0
2,629,74,0.4096794649589717,0.47717625753345916,0.12285217810474369,30,1
2,909,75,0.4643670243334074,0.6861235921996194,0.5233668856644949,67,1
2,1339,76,0.7946117182649748,0.9441577374713949,0.24929251864710844,74,1
2,848,77,0.8447750794029858,0.366611509081728,0.7299649026149091,48,1
2,307,78,0.6578968947929291,0.5708047439310966,0.3102108612619868,85,0
2,756,79,0.05846129302789316,0.3552047632010632,0.9853958110463797,98,1
2,106,80,0.8084636732940402,0.5577799544285209,0.5119361512532573,16,0
2,1230,81,0.02574421374986946,0.9126017968802641,0.4584252179137065,55,0
2,1462,82,0.38776814202180654,0.3295308122680852,0.8070924091778218,11,0
2,1099,83,0.4441674377121183,0.932381901121242,0.426248609201777,8,1
2,1377,84,0.5061066941653564,0.7686721472899446,0.8613202796633466,62,1
2,658,85,0.25595339279506435,0.7266828215052297,0.9804255045654505,87,0
2,496,86,0.41906619138035706,0.805755580420074,0.3203652547649486,9,0
2,196,87,0.7872984265883982,0.5439302189994711,0.874383478277984,95,1
2,47,88,0.2712664066841647,0.20570604830645267,0.7026068017053457,82,1
2,31,89,0.813250761971703,0.9896900591906812,0.344717684730943,71,1
2,1013,90,0.01257585087361901,0.28327157889053944,0.981989528843582,40,0
2,850,91,0.1427988669081106,0.2832216929904694,0.8987443795405444,4,1
2,733,92,0.9253006741749734,0.5276103820141079,0.35241080592851115,68,1
2,1448,93,0.470399929220913,0.4112104725777841,0.9304098415193366,3,1
2,112,94,0.0507976399034783,0.0868386119674639,0.7241409244170223,5,1
2,623,95,0.6104432526277288,0.45851054316915274,0.5612616598821669,43,1
2,961,96,0.45600704079758625,0.3396238450796528,0.27506331134998907,88,1
2,992,97,0.08858766880180191,0.9146766246824815,0.29828978376694104,84,1
2,1489,98,0.3479624931488631,0.8941497656749111,0.3529674894553386,90,0
2,631,99,0.6144260843539989,0.6056327640020043,0.9220637189973901,20,0
2,798,100,0.6277085445621183,0.7127151924852614,0.564390803391896,81,1
3,1184,101,0.8869030296057585,0.5880858732476485,0.8383709878259209,69,1
3,843,102,0.4925060893830898,0.23102052028557207,0.2520330493968793,71,1
3,781,103,0.10473779394108029,0.756476448213511,0.8032536054126268,4,0
3,414,104,0.11355310707342303,0.27163157576691677,0.004363388161384485,100,0
3,728,105,0.41680330673072363,0.3656292827056318,0.5490816466736764,34,0
3,93,106,0.18532113872958167,0.8429051883557425,0.8765688397737477,100,1
3,1429,107,0.920953832813547,0.36504799415429723,0.25412927188249923,1,0
3,9,108,0.21207824268878284,0.04814878885798868,0.46412305741581084,1,0
3,1390,109,0.37636975659376704,0.02378174732635374,0.8262606229520417,39,0
3,60,110,0.5123818824025214,0.7312375531996449,0.027579979634977603,52,0
3,280,111,0.3304022373824873,0.04526159318495948,0.11793449095658992,82,0
3,533,112,0.6645962662177829,0.9957130483793144,0.6161172569494329,84,1
3,106,113,0.6052555559952119,0.9927985609496327,0.49885715248813234,86,0
3,612,114,0.9393676947880834,0.41959294423152627,0.8187076801981578,29,1
3,571,115,0.8319590605471314,0.2475800261901666,0.5792355640727883,74,0
3,930,116,0.602961688608744,0.8075961798811688,0.05616592173539703,19,1
3,41,117,0.44671171264723797,0.7302695433699933,0.9867022093681765,39,1
3,1236,118,0.6147746872507094,0.9400425770439323,0.011448949677715592,68,0
3,1307,119,0.6230659995840971,0.2172426843980595,0.46916611430721467,40,0
3,373,120,0.26957759993600894,0.9477337879993769,0.4593135186451922,62,0
3,60,121,0.17801758545621216,0.5985822684993986,0.8603406167873197,88,0
3,990,122,0.5190075537779674,0.5527839173851696,0.7229670171058902,16,1
3,1306,123,0.30726313050546394,0.6242892940560248,0.14166826812870725,75,0
3,921,124,0.38523044669218276,0.27097608817364505,0.47127710595531813,16,0
3,786,125,0.0016636236770103396,0.370974913566803,0.11082450172151748,26,1
3,1005,126,0.6816779778478236,0.8843665879313886,0.9557619763960647,34,0
3,970,127,0.05801545716674017,0.6583213051797815,0.49274989770503663,94,1
3,1027,128,0.7354714682019439,0.8642149194477821,0.5699985580037357,24,1
3,91,129,0.20795985807265882,0.28697298755254186,0.22587405447064202,17,1
3,1491,130,0.16476490315500458,0.07337050015664559,0.08500644177334638,21,0
3,579,131,0.6005562261662398,0.1351565117901592,0.3117855264263055,32,1
3,137,132,0.983472938004841,0.2583181322450009,0.8861551190901175,83,1
3,832,133,0.422069590165532,0.49425194789277294,0.6181487082071214,1,1
3,692,134,0.8693191020642691,0.1917544073421925,0.33952629205389384,18,0
3,358,135,0.06184087559631579,0.6785843703879654,0.5857954269349587,61,0
3,193,136,0.5086682574346568,0.7781666863089062,0.7515102509235028,52,0
3,869,137,0.6817658642516381,0.7130752134992607,0.9502609359478095,66,1
3,864,138,0.37538921899023237,0.7278343490477058,0.9589538728489339,44,1
3,840,139,0.12946952245179288,0.5701852405140642,0.7078669523256892,3,0
3,1420,140,0.015406445826905868,0.7444727232260303,0.8461203154410372,16,0
3,10,141,0.386742336087597,0.8847784250651612,0.39105071074624065,41,1
3,1316,142,0.7427384671441736,0.6390404396523359,0.8309982584110762,55,0
3,1455,143,0.9905517338292045,0.943391840654817,0.6216521879808302,100,0
3,464,144,0.463072623691111,0.5599473707538409,0.5142314063015144,19,1
3,897,145,0.29491717747170043,0.6674756604226991,0.031607011181336575,45,0
3,155,146,0.3466668410446121,0.4759144479065185,0.574334466433264,27,1
3,92,147,0.0919310791981881,0.5510023259488225,0.9158709025412252,23,0
3,1118,148,0.4501132322637529,0.7545246011385881,0.7888091759908701,92,1
3,1270,149,0.6271286230489581,0.9983396266615683,0.8490758262883115,91,0
3,468,150,0.6235774122370806,0.04760201384429008,0.5094347614079779,53,0
4,218,151,0.012769027512908315,0.5468287750449414,0.2895881375739293,12,0
4,575,152,0.6337319645410171,0.4093799687140115,0.92195667156372,55,0
4,247,153,0.6656864286583842,0.9294511751929487,0.5562332822173397,83,0
4,1349,154,0.5020245284001009,0.15491620104888937,0.2723690074477625,5,0
4,115,155,0.9448792994203108,0.8237148836069905,0.9449292941454802,31,1
4,1486,156,0.2580447441626178,0.13041882210993883,0.18596299922429693,12,1
4,975,157,0.8519159086521346,0.7728574640510943,0.7655616477200069,1,1
4,141,158,0.17422156381205622,0.8927481971533415,0.22415090554909,81,1
4,1124,159,0.26195517446124195,0.7465105176469258,0.8090002363520813,58,0
4,1066,160,0.20489877507182785,0.9494453836226474,0.6083367185140589,15,0
4,995,161,0.8853194963608946,0.6003144251094404,0.5262421513838841,94,1
4,1365,162,0.7935256794748252,0.28096366172363396,0.4828854441405882,33,0
4,690,163,0.45048377510744886,0.8674243776266345,0.090009884750331,36,1
4,643,164,0.3780230719022343,0.7497244758196744,0.41962472105021553,10,1
4,1350,165,0.012901289752904943,0.8384347042454483,0.26470579095182456,23,1
4,1010,166,0.7019395885371039,0.5290687430721399,0.9983920746642081,84,1
4,29,167,0.9649381252645671,0.8422884262573956,0.7001211784661056,82,1
4,1039,168,0.7785193236144732,0.11517495511170672,0.7297913711102476,89,1
4,521,169,0.23307662621872693,0.9196361339485583,0.7417203094254808,54,0
4,1046,170,0.26450203141016915,0.2259214577624633,0.5621017261879205,25,1
4,780,171,0.42280286547876544,0.7855287189252708,0.7250851083699946,37,1
4,844,172,0.40773168314327146,0.000982487247309538,0.17668087102872165,60,0
4,1330,173,0.23233768146807765,0.929733391406875,0.7398963127224043,15,1
4,653,174,0.7916177877945543,0.9516093470790777,0.0487548500840147,76,1
4,89,175,0.7860856998841623,0.936131780488153,0.4150747486598949,27,0
4,256,176,0.7064708347768158,0.5487362140450007,0.5625315914500034,68,1
4,44,177,0.004960601569080403,0.17713388338709435,0.15965533863274317,17,0
4,32,178,0.9173782984001366,0.07523460808328786,0.231565761893903,41,1
4,1209,179,0.33755810510619455,0.6222537878853479,0.035083618321948284,79,0
4,721,180,0.02881875534567513,0.5333998321389392,0.09276589613803421,44,1
4,656,181,0.6374190342166811,0.4722747540730535,0.16708628059135977,94,0
4,1237,182,0.7375992951678767,0.10232229930975101,0.08602837900821658,50,1
4,218,183,0.6709610146245125,0.8745871077625619,0.17399246063777063,94,0
4,856,184,0.390916248130311,0.727828769286661,0.6079451247315797,44,1
4,1030,185,0.8611660005168904,0.8744298987423806,0.0141449893436697,12,0
4,649,186,0.3565085103885969,0.390177195065445,0.5441556060377621,79,0
4,648,187,0.5382582499869688,0.6163405665944589,0.06362932392696441,81,1
4,605,188,0.9217565393954021,0.47942215321602266,0.6329555614706988,89,1
4,873,189,0.7278953217243236,0.9831986685003493,0.326653857615369,93,0
4,567,190,0.09466832290906735,0.3899820727190719,0.41623698565370204,65,0
4,844,191,0.7771386408104728,0.815603333265566,0.0034356863531527226,30,1
4,953,192,0.9016909835425745,0.589781278802626,0.9254742409210106,56,0
4,30,193,0.8253882832161519,0.3146405902299496,0.7666337322970594,54,1
4,740,194,0.476765285507181,0.4117955765386301,0.04150302219177837,73,0
4,785,195,0.825147791285258,0.3523330687750398,0.8192001084404974,15,1
4,332,196,0.07562909096681703,0.7649669015051145,0.4594553313727082,44,0
4,306,197,0.2542266118257689,0.6665101226486114,0.27432415286839495,72,0
4,518,198,0.8668668960548604,0.11622846570992862,0.5472682874012079,39,0
4,442,199,0.041387811207380776,0.7738869725036509,0.965490045916294,61,1
4,389,200,0.398054019170217,0.4613480690721091,0.43805299786811114,13,0
5,1369,201,0.8604698857564332,0.3265198051868844,0.27303332757306553,5,0
5,416,202,0.4458547688324669,0.37389085612566075,0.5643295694531832,99,0
5,8,203,0.08462076875400237,0.13008394579635507,0.21745652429167683,34,1
5,914,204,0.4591125232267155,0.31231574222877867,0.4809670279947633,41,1
5,795,205,0.7322159326873108,0.17324134763848764,0.35660642834260947,95,0
5,1395,206,0.316391974184027,0.4576064565304764,0.39329760750270704,61,1
5,984,207,0.9065309185714046,0.527912745971141,0.7188141194108865,37,0
5,536,208,0.9407964010550062,0.9900196236907216,0.10690276486761274,85,0
5,517,209,0.16776558081439097,0.7688971682851123,0.5507871176086538,72,0
5,183,210,0.09338643816287384,0.5288938886037085,0.24403756551962663,21,1
5,1066,211,0.29935680334672377,0.37432825277113224,0.3231026877014427,10,1
5,1150,212,0.4690426473292233,0.15900690861608435,0.5553959921252264,53,0
5,199,213,0.1570140717954216,0.379297686635366,0.5823577115818269,67,0
5,169,214,0.2415683130951558,0.5445799175471171,0.43891293240077334,86,0
5,607,215,0.9332987532821024,0.17780969945592595,0.9293272573810188,19,1
5,175,216,0.714880021494959,0.8999140504347687,0.13445695232133825,15,0
5,540,217,0.597945994636332,0.6391171534896679,0.14543547003182244,24,0
5,393,218,0.7079557172208512,0.4050331792144687,0.4372649935354772,78,0
5,207,219,0.0027258690094982274,0.7942561364735268,0.35237135205552883,96,0
5,985,220,0.14552136695687945,0.13454907594746823,0.4474834657351764,39,1
5,883,221,0.6917502243332091,0.8377846534648473,0.6570657224947584,29,1
5,899,222,0.714968497917107,0.01892309439865958,0.8134402933723314,52,0
5,734,223,0.8529729216982259,0.3950842726612095,0.08649474312642591,79,0
5,55,224,0.5855502284762111,0.5587939688017649,0.9464537229171063,89,1
5,902,225,0.5572500439659939,0.1679261445638689,0.8406577416105115,4,1
5,955,226,0.39763773907824995,0.6698147912215073,0.2869843532430837,53,0
5,890,227,0.8165560804305209,0.9611087810472138,0.7589783512656931,58,1
5,1321,228,0.8520230521498826,0.08091771680255622,0.16383307398521085,73,0
5,912,229,0.45159296307332175,0.009235881993884698,0.892298632115384,85,1
5,1085,230,0.37559286160656025,0.7082618187026514,0.6483198015060305,100,0
5,604,231,0.05040509231333379,0.7933560795874285,0.8394938930796836,8,1
5,1028,232,0.7920765760385999,0.4162769570983891,0.4248314386478734,39,0
5,36,233,0.6730570500331025,0.3459342095802479,0.8357486833314648,38,0
5,20,234,0.43920197072177647,0.3516350738548144,0.49540953455529524,43,1
5,1309,235,0.5046853734140418,0.8385384513740911,0.7522665124716423,88,1
5,533,236,0.8960522514968512,0.05780193261700206,0.002595413523669876,88,0
5,1430,237,0.8776740768408433,0.7961896159322566,0.22014995435514662,10,1
5,1273,238,0.1790835184065669,0.14169654715350966,0.5928534432586712,52,1
5,834,239,0.8490094926927774,0.8208002022185862,0.6349603823357314,60,1
5,837,240,0.509738943367244,0.541464653181327,0.10734813690028411,19,0
5,927,241,0.10611794902967975,0.8359230708991735,0.24150958830682145,13,1
5,1255,242,0.31148371881176407,0.14600739884670977,0.7320763981148214,75,1
5,1022,243,0.6869457399805178,0.14468640769950936,0.2802574683723744,20,0
5,329,244,0.8934339104024174,0.215097547889327,0.6822013474835062,88,0
5,161,245,0.10834973446285923,0.517525726478549,0.5228929075484577,16,0
5,1317,246,0.6096531986075768,0.44303062570291185,0.847150701121895,37,0
5,737,247,0.6781289258578433,0.2616006591357489,0.62016518219887,65,0
5,1008,248,0.2761770062776606,0.2800169598903942,0.5566541522205487,91,0
5,1233,249,0.7566405960191488,0.7660889087526324,0.295986226935921,83,1
5,363,250,0.10332831380885199,0.07787280700311106,0.2020733967586571,12,0
6,1444,251,0.23967688804073872,0.8981899387070974,0.09236132728419089,67,0
6,1037,252,0.0004909638000434313,0.39436700703993144,0.7971059826139458,57,0
6,7,253,0.5027379168011387,0.7530025176680164,0.37082496472437276,49,0
6,1147,254,0.2634359551967086,0.15461080317775122,0.4259986469852707,86,1
6,63,255,0.07806747249987345,0.7888401631812706,0.9317942828694304,77,1
6,351,256,0.8808814535788626,0.2543546393165199,0.20526396905306277,29,1
6,898,257,0.1986649848355725,0.002466660541007193,0.6347931115737515,37,1
6,522,258,0.5673197885761175,0.7771337286688296,0.3694320043922267,49,1
6,690,259,0.27146543026999426,0.5902986452875941,0.0036895542970897255,92,1
6,286,260,0.5974995756611501,0.6714563744966587,0.6846233925315591,58,1
6,1029,261,0.6542966336978888,0.5986261575989966,0.06094427302199712,27,1
6,932,262,0.7255912918109767,0.23231849111167346,0.6704874582659132,3,0
6,6,263,0.2957260786883503,0.32910456006825073,0.45677834167811615,31,0
6,647,264,0.04725511839745611,0.007413917407050219,0.621626893169772,72,1
6,645,265,0.8572716479467147,0.9120819825237869,0.6347764982067735,69,1
6,778,266,0.9692937868690089,0.4388658238847636,0.6386548739136672,79,1
6,329,267,0.8862247187814873,0.1680804640787752,0.5079857362033243,91,0
6,570,268,0.0826100486635939,0.00042357006014370757,0.8751696854152702,96,1
6,1008,269,0.7851361948225405,0.7851876027755884,0.8881180342978912,97,1
6,1265,270,0.48600346460569954,0.34374174286851966,0.7721368428720905,24,1
6,491,271,0.6321213368990781,0.284430621746783,0.9662314032119337,96,0
6,195,272,0.6117152506448345,0.5314971897222569,0.68179184840919,54,0
6,492,273,0.5350312900861803,0.4925604182740647,0.782414720684404,82,1
6,147,274,0.6750779395188993,0.6188826380315134,0.2868003227671948,20,0
6,856,275,0.6163214285246219,0.0042124791203456136,0.054292104933561625,52,0
6,91,276,0.5768407836404841,0.3648653689318295,0.4634921600822982,24,1
6,41,277,0.14282453313212085,0.974582121964023,0.006181843749472837,2,0
6,1183,278,0.8649374486927179,0.20720500541780806,0.7607036705346945,34,1
6,1463,279,0.7534954225564147,0.32815304150105795,0.41125739634408387,87,1
6,1023,280,0.9643691999319113,0.11406533567086441,0.35253242521413886,15,1
6,1167,281,0.7917430034231375,0.5004003803145413,0.06270458425324554,26,1
6,547,282,0.5825212709808835,0.4006722397610074,0.9610970073649522,17,1
6,454,283,0.9171675510894148,0.40438340502475634,0.503692344352994,95,0
6,11,284,0.6542627086309983,0.4215284643567795,0.6116165589240659,84,1
6,799,285,0.3101296897160739,0.7020946454170688,0.913690181473167,88,1
6,126,286,0.1755034140755074,0.45191315245102304,0.8540108484252967,25,0
6,514,287,0.6043077792236501,0.2605808175886273,0.4112819055891611,43,0
6,724,288,0.7361741349383045,0.4931166625816771,0.5206804188537253,24,0
6,378,289,0.8241621349141813,0.9456889724128579,0.1420510177091031,90,1
6,213,290,0.28528793945030007,0.4711672472958952,0.9593999855011848,75,0
6,1286,291,0.9020001416262257,0.13901169750845477,0.912080830838406,91,1
6,1171,292,0.57797127623333,0.8234514950864352,0.6027592179274034,28,0
6,1427,293,0.7230930546644189,0.9174788726638361,0.2990345814521783,16,0
6,617,294,0.8081328331130814,0.3404901716484472,0.9044061756367828,38,0
6,1331,295,0.9312819841207534,0.022069593941304033,0.20768614474423797,59,0
6,627,296,0.289990347100786,0.8057059671006642,0.004658610763797033,35,0
6,980,297,0.3924666186260425,0.32510117919047343,0.4730883449865757,44,1
6,435,298,0.8999673054988357,0.5477399047939903,0.809159083500006,95,0
6,632,299,0.8344761384536681,0.7846377309508251,0.013718200395866242,39,1
6,531,300,0.39913624400713854,0.4767983197722385,0.689838407287898,57,0
7,514,301,0.46733826584618987,0.29239836456095225,0.5905696149167763,72,1
7,1145,302,0.7171476260735233,0.8566267451922729,0.09503136705910431,74,1
7,303,303,0.06124964610168604,0.9230812556318091,0.2857713847177752,37,0
7,670,304,0.36731861557505674,0.7169418487551793,0.8337864028386764,62,0
7,492,305,0.20623020019896543,0.012097035080963381,0.6543212168794565,75,1
7,1117,306,0.5187951836942049,0.04314219234714345,0.38899593512951314,21,0
7,448,307,0.7721024261558168,0.5777235638242176,0.14160872259540547,54,1
7,915,308,0.1299248666153754,0.7758022410682199,0.5128044442184527,2,1
7,408,309,0.9867344571607256,0.14143539593788912,0.6541274665441547,38,1
7,1402,310,0.4671117103789836,0.902519508889671,0.06763526361621242,3,1
7,102,311,0.7730166870108943,0.9170180006124854,0.21365159147444845,85,1
7,880,312,0.3524163469707189,0.7921972717942125,0.2816416318762984,35,1
7,94,313,0.48813677815867584,0.6485033646440926,0.5364763591242556,99,0
7,1289,314,0.9648642416539138,0.3673265817225503,0.9196299658951198,68,0
7,1067,315,0.6902621570556147,0.0926453205363833,0.6700314697621002,54,1
7,400,316,0.02565322014334337,0.9389586997582419,0.008217834829687742,51,0
7,1223,317,0.2319821333724862,0.28433018879618266,0.7696038880164637,13,1
7,276,318,0.2592607569900818,0.18290321375644658,0.05031844335692459,68,0
7,555,319,0.9589069246037626,0.9480285196135468,0.8558762120232053,55,0
7,277,320,0.7695686699742229,0.5969717311555047,0.4246549314312066,72,0
7,257,321,0.6786306171329429,0.954902440518144,0.9043221915085615,82,0
7,1105,322,0.06965073866338123,0.8295496706238839,0.5823359893495901,95,0
7,738,323,0.8038145253872696,0.29098099657467213,0.35723109572454315,78,1
7,1306,324,0.18167326150400886,0.6659319799608515,0.6250323752112742,96,1
7,428,325,0.1487804745516349,0.6077674334492453,0.08737085553630386,37,1
7,1323,326,0.868849903679928,0.397475306408664,0.0035865685136041714,69,1
7,364,327,0.005037143947434819,0.5420635621847273,0.20890651612682487,50,1
7,609,328,0.06327988410322205,0.5279000740864237,0.8545073153445402,51,0
7,64,329,0.919405988910597,0.06482289186784873,0.43289990786534427,20,0
7,46,330,0.25155543032465877,0.17956225399329384,0.8315813154408866,32,1
7,366,331,0.7743382743639662,0.5455674066953825,0.293337090961282,74,0
7,371,332,0.6571731874206858,0.04350310088370135,0.6998075756670175,52,1
7,29,333,0.11223236229024414,0.81013718016138,0.07524573059135276,47,1
7,1435,334,0.7949289033455931,0.39235216202851386,0.9430901352417647,68,0
7,1156,335,0.20739098558191005,0.07561347804877927,0.8295387320005297,69,1
7,517,336,0.6954265810380523,0.8413630435914181,0.15067951740417562,28,1
7,1407,337,0.38085334257877945,0.06859415651737855,0.19215123280540314,29,1
7,329,338,0.5447598583067481,0.16852993892717427,0.01701861191857923,5,1
7,1375,339,0.9462064596611349,0.766663765774091,0.9820322262615915,90,0
7,1319,340,0.25917989038013245,0.9336589156485074,0.8742441939199194,78,1
7,482,341,0.30109945732901333,0.03459105580141575,0.2486556202394814,54,0
7,471,342,0.29252541670034893,0.06049778785416948,0.6167159215583682,25,0
7,109,343,0.3700227270988288,0.4826274288313134,0.8441978791768863,36,1
7,472,344,0.5766234372999974,0.41988345395517535,0.8029514546530834,10,0
7,1476,345,0.8002511926974083,0.9634074757537991,0.24015215472618212,66,0
7,813,346,0.8931135181516047,0.4474293453006768,0.5338856397849675,47,0
7,687,347,0.06118888421400459,0.7103074873487156,0.6013126836515638,37,0
7,907,348,0.6500965350470767,0.3503984040879713,0.16262700049343293,71,1
7,377,349,0.5924045964074958,0.1842655704969035,0.13480263095792988,13,0
7,369,350,0.6009390590127149,0.6895660742792513,0.14434332398078942,95,0
8,502,351,0.7933333118398577,0.4552643711126565,0.9987491142243664,29,1
8,259,352,0.9378562651668003,0.5692433255743683,0.7116810614333139,5,1
8,1289,353,0.7482561622209642,0.8046552561699968,0.7497108765393262,77,0
8,1349,354,0.1716247004468472,0.35343882114418046,0.16183515723714204,91,0
8,1224,355,0.9546511627778134,0.49251924144426773,0.0021286440483596625,38,1
8,676,356,0.8652060263692287,0.506853738700961,0.6340239921210291,16,1
8,1334,357,0.29965542624871067,0.06828588789263579,0.024494830362007947,30,0
8,1168,358,0.12225233413187131,0.6875126711572286,0.8856809678029748,24,0
8,971,359,0.8059906020292564,0.4438777776320001,0.5679205127621899,56,0
8,1255,360,0.9763518248874802,0.5991637822378176,0.08723972626456022,81,0
8,752,361,0.1274871080121842,0.886955741593656,0.2943458404326822,51,0
8,850,362,0.6513593483108809,0.26223226871454464,0.0796345568298874,97,1
8,31,363,0.00983688804630789,0.6736873047792545,0.7224984578227687,80,1
8,1144,364,0.03549290758599155,0.5575799613548369,0.6783994803314934,9,1
8,1193,365,0.7851822102803689,0.5410710072637177,0.564968285786535,58,1
8,606,366,0.8155835834987643,0.9364845492519441,0.6394623998127533,54,0
8,587,367,0.34934616318525513,0.3590887615835455,0.534798913667564,65,0
8,110,368,0.4479603705550499,0.06832994101955492,0.01531795133068814,46,0
8,989,369,0.7794772004204293,0.34227889198241446,0.7535641387527643,30,0
8,766,370,0.8577046552353005,0.006135474444531219,0.22587191466196288,93,1
8,748,371,0.27610073226945986,0.8226203907524471,0.9486691687416448,18,0
8,397,372,0.7842878718629166,0.9889343721195565,0.1595851823263955,83,0
8,943,373,0.20087805194596364,0.8127905630056311,0.36981020354312844,52,1
8,1421,374,0.447342247226134,0.7938126414859069,0.3937821914521483,49,0
8,1388,375,0.7188972518081809,0.6452250714881784,0.049518416718137614,78,0
8,801,376,0.6857984253448808,0.5755136922795525,0.14736330677983045,74,1
8,995,377,0.5022890565359853,0.5677895598760508,0.9588605053141476,77,1
8,928,378,0.6698734051908288,0.40532334056893815,0.981749128308004,67,1
8,1078,379,0.05053289068985545,0.17330187548825826,0.9854753531814827,95,0
8,726,380,0.28826725656167684,0.6528508505036689,0.2646365107431269,70,0
8,532,381,0.21627296766803839,0.025177671488690434,0.22620897805087892,55,0
8,63,382,0.0817930757153571,0.2317577285050496,0.45349310983261315,79,1
8,1440,383,0.20768913531876532,0.004238635216243347,0.726564950475329,80,1
8,506,384,0.860030137795244,0.499174498472973,0.1682448001292155,34,1
8,754,385,0.8962794072271126,0.3564367123074784,0.8916885763315499,79,1
8,1036,386,0.5331062449547115,0.4271189253411922,0.37580408704901147,67,0
8,79,387,0.4843951385234718,0.5733420437603863,0.7611587009015629,54,0
8,903,388,0.46316769990572126,0.07605002793418247,0.03721072982959783,18,0
8,178,389,0.9590449876995076,0.2627907371729882,0.9649732929576553,30,0
8,1266,390,0.9408186758646101,0.2300161606646246,0.5532605057536695,43,0
8,1364,391,0.21648792168083886,0.8863284404143695,0.8684125166188426,43,1
8,106,392,0.09499174929295195,0.7412394350709876,0.6311506040368654,19,1
8,433,393,0.05438317079697519,0.18589367347562347,0.8872095938499237,49,0
8,1452,394,0.35766335219883605,0.8383494958466147,0.6425235746596274,69,1
8,1191,395,0.41754285101884936,0.4927272041653674,0.6813682258552629,70,0
8,1471,396,0.24767574408395998,0.8124578937034446,0.4424781832770428,75,1
8,203,397,0.9202250725598798,0.7315846303279586,0.3291713345940852,3,1
8,838,398,0.8371540042881199,0.36166174169604004,0.7773503356892276,17,0
8,976,399,0.7444630740477364,0.6017582296650001,0.19384545083410698,19,0
8,706,400,0.48389639682963925,0.5995283657656146,0.9417240172732527,70,0
9,1041,401,0.8864957683891219,0.9200679681805396,0.9608115740312956,25,0
9,623,402,0.9451873550852263,0.09616708449807487,0.9499150029254455,88,1
9,1227,403,0.8876720001167115,0.8395424168330492,0.3216576337394901,66,0
9,391,404,0.26136122759829694,0.39362657944971313,0.08433303373520484,22,1
9,1400,405,0.864227373869638,0.1405962263781484,0.10708737628326848,81,1
9,356,406,0.350367111892548,0.2861343361244052,0.6983182436777471,22,0
9,391,407,0.12326822327950848,0.17427630317672937,0.3185452245778577,14,1
9,1220,408,0.7436223991939167,0.08922054965852266,0.008783125562667582,100,0
9,1279,409,0.8088845605762284,0.26155635250925025,0.25268289951792255,18,1
9,996,410,0.9867807625065831,0.44474677033713617,0.877644648317768,82,0
9,1347,411,0.48095748408864913,0.7130231982265197,0.4208824638307961,85,1
9,384,412,0.2510225380451314,0.9528704147434837,0.15235644512480218,18,0
9,637,413,0.0653915207119099,0.18812532967253803,0.7075391168307795,79,0
9,592,414,0.41318356937840384,0.09059604140081523,0.8776278946590175,22,1
9,1007,415,0.5774286250578069,0.39586395719449885,0.9024113881023785,14,0
9,864,416,0.4964980821673213,0.7363360234876161,0.3064638279848779,70,1
9,608,417,0.16278764942333757,0.8254285472858723,0.3876086842455413,20,1
9,275,418,0.37154547043351427,0.2018610826737639,0.5136517381496828,76,0
9,1345,419,0.9179064455809042,0.33236754902001153,0.1492162007709834,38,1
9,292,420,0.4592938600860984,0.08903758281223251,0.015228611830635286,22,1
9,529,421,0.5122234455782525,0.3685099399342613,0.12941845479284908,42,0
9,1100,422,0.47191161877427,0.3249731838187131,0.8827939894242504,67,1
9,1378,423,0.3847152628605611,0.5552971516862779,0.21067990256163394,55,1
9,1220,424,0.06062709089521778,0.7018267450355834,0.008240431198173526,25,1
9,1266,425,0.22918450794406842,0.44828583130015887,0.06281958523397746,34,1
9,686,426,0.49999783633137496,0.001319024833384086,0.017740683018994674,30,1
9,1452,427,0.5844328307136614,0.7379678539260051,0.14338659810036325,66,0
9,827,428,0.4781379595073937,0.20149311892424926,0.49076353579538834,17,0
9,1137,429,0.363892774321953,0.6511915968494869,0.9593568453095871,29,0
9,1406,430,0.8034974713723212,0.8907339514406158,0.5713100803333165,24,1
9,11,431,0.6947656127138895,0.4091177400656312,0.5897756229049851,84,1
9,98,432,0.9454201508592324,0.030863860986016567,0.4418208694417388,60,0
9,1407,433,0.027735566309419535,0.932290293902241,0.5230643835246503,19,0
9,1163,434,0.7440794496231079,0.2926319058428297,0.5379835774637677,50,1
9,1262,435,0.061375868570569536,0.7285284415925882,0.4793834355747767,46,1
9,1445,436,0.2909794376105618,0.34240670492670866,0.520344041907905,77,1
9,266,437,0.9171019676668435,0.8416149685591653,0.7675038705271744,47,1
9,576,438,0.7753552964263154,0.6520621936900522,0.8289968251291991,52,0
9,1283,439,0.6620191624972286,0.29301670439938443,0.07821995650472258,15,0
9,1175,440,0.3996964716026705,0.13654249940921948,0.0924283812434823,61,1
9,735,441,0.04982754879289264,0.16336343789152485,0.6748593643387253,4,0
9,907,442,0.2602528047561462,0.777695976815075,0.4171022564872715,82,1
9,1028,443,0.4808688173492526,0.1012998593086133,0.29436186206649495,35,0
9,285,444,0.4227783928943333,0.1457809031410383,0.3406069086492206,31,0
9,803,445,0.45813251100300023,0.5912930840501044,0.6012546732388133,32,0
9,537,446,0.03031092932806112,0.12650554906250022,0.7025534803184841,5,1
9,1257,447,0.6330741052292851,0.0534079130750873,0.7534655635544881,93,1
9,1085,448,0.450965581916813,0.19402919457434198,0.11155997504677351,93,1
9,1338,449,0.016788717539566234,0.29161666571260036,0.27304249347540566,78,0
9,994,450,0.9392133419198854,0.40138649856742503,0.26423079136044925,36,0
10,1236,451,0.19770042310267877,0.6944940748739845,0.33717127600705277,1,0
10,316,452,0.16958959459097844,0.7580085253550257,0.7895213481473374,17,1
10,1358,453,0.7550940452057819,0.6271655563022158,0.2892348479821635,72,1
10,436,454,0.3486631545579384,0.5208265991570952,0.04932139141254366,24,0
10,14,455,0.6115483804677544,0.06454438988711564,0.43666767569538667,60,0
10,1116,456,0.005966140818971066,0.4555517212561272,0.7961022243080508,21,0
10,560,457,0.4314338935964921,0.10618403625165995,0.35392330938390404,24,0
10,1186,458,0.024834011636247877,0.8316637339924267,0.5912426951962985,52,1
10,107,459,0.2095618519843735,0.29255988310601644,0.3151333733181608,2,1
10,1007,460,0.19471741385123165,0.4036754797072962,0.5896943718144931,74,0
10,466,461,0.9709267592269815,0.05831577902523011,0.5710069680862324,82,1
10,105,462,0.3024130864849103,0.4221708271961139,0.6155320879278526,50,0
10,1187,463,0.8392513859259818,0.6448671435846214,0.7443276909814995,95,0
10,331,464,0.4207565814952615,0.49690603588721927,0.16836822592453238,50,1
10,1367,465,0.8621293303877573,0.8232657270599365,0.14011803335317152,67,0
10,929,466,0.662787229420753,0.39753607568508487,0.07528624258880923,42,0
10,1111,467,0.007092424504005601,0.9492883642577137,0.12147574304259656,59,0
10,76,468,0.11160022513888179,0.8279520523325342,0.39936429331693624,72,1
10,294,469,0.03134500685342623,0.7871298232003492,0.8975036090130611,45,1
10,996,470,0.09044505460036967,0.1534219594202747,0.7785259720735757,96,0
10,52,471,0.2203140698441196,0.2404565250787294,0.2687644049680058,79,1
10,1084,472,0.7855826878141747,0.3496656833190387,0.303677177150497,80,1
10,109,473,0.7336806308500963,0.18053015613825008,0.7089807203442303,7,1
10,49,474,0.24471355617311696,0.07473312717945224,0.5515196791678008,95,1
10,131,475,0.3904229415533713,0.025845310141497935,0.03329690338337099,30,0
10,1225,476,0.8594879351582494,0.412537787465973,0.9100947638903225,1,0
10,774,477,0.07232115926078597,0.03783636909911814,0.5923990846257632,20,1
10,1118,478,0.5648157586952375,0.17491440080870313,0.24487978156782675,89,1
10,445,479,0.1150280632258407,0.9212264625464935,0.7429733171970179,51,1
10,336,480,0.9940547264647431,0.4985452162338272,0.8831696228845548,75,1
10,967,481,0.44164615237650484,0.1033461125539985,0.42747086267220935,25,1
10,139,482,0.9152712849542888,0.8865222357780319,0.9082583638206165,42,0
10,1489,483,0.15298271232517446,0.1856778868878619,0.878063304384137,51,1
10,24,484,0.9903061733476891,0.4950151564201506,0.44973707005698405,38,0
10,205,485,0.05930393369777698,0.842868459687544,0.29065209626715305,6,0
10,940,486,0.058922322349716394,0.9880076654045273,0.9119083011131853,22,0
10,1355,487,0.823237135957988,0.12649077866436464,0.8097929592554357,100,0
10,1088,488,0.7765922415254272,0.6983782693097115,0.013609344207744623,33,0
10,30,489,0.2479367890394144,0.07706617028125218,0.6680471304114876,10,0
10,892,490,0.24684592050718746,0.5806806014518394,0.6684935930616018,49,1
10,726,491,0.47265508002614975,0.7710950265895818,0.7033324678131774,35,0
10,775,492,0.9436025391802001,0.3375187690009446,0.11474060480997939,58,0
10,292,493,0.6258865252974882,0.6068205906396189,0.5784562047719267,59,0
10,259,494,0.83252965742245,0.32354371224707856,0.6957111990854578,31,0
10,738,495,0.8671034216437681,0.3106344825061137,0.98858456748733,8,0
10,935,496,0.13444939263333489,0.3324536136174767,0.9546735515840344,4,0
10,1423,497,0.5788085311721809,0.6485966189198036,0.5445291531841815,9,0
10,740,498,0.9869407771310376,0.6179224558331863,0.30842510128778944,0,0
10,527,499,0.09564526644980575,0.9128073921376236,0.29499057273860996,86,1
10,880,500,0.4435464415583168,0.81939580421929,0.044213034004375706,54,1
11,45,501,0.7648533177618654,0.5808190503906379,0.7677333249951876,89,1
11,511,502,0.9895770615282798,0.6160769780658001,0.5329724287650367,42,1
11,19,503,0.11971610468122029,0.552549580030644,0.2633542418021245,38,0
11,585,504,0.4044393011192855,0.6776691433385447,0.05986964360098368,10,0
11,1457,505,0.7529605618077507,0.4244790662040633,0.23145087030733202,93,1
11,1495,506,0.594079939445616,0.9649999697291918,0.5299555107379923,45,0
11,817,507,0.878653066661659,0.012351831618226283,0.8117032588490717,18,1
11,1128,508,0.10214669075144611,0.15322023708046628,0.5093186500503378,21,1
11,406,509,0.5425125613300261,0.18676002924793744,0.7755057755267674,53,0
11,691,510,0.6091939126032528,0.14755938663724333,0.9769027351839507,10,1
11,176,511,0.8142645395964124,0.5913088076561218,0.2010571663116837,37,0
11,9,512,0.8456225589346785,0.01859621836161518,0.15840781080166744,46,1
11,611,513,0.4741650601753056,0.1019770496108311,0.8262001488126712,51,0
11,1382,514,0.6043249058245652,0.12850106063604538,0.9789578281417806,5,0
11,952,515,0.007852729347862963,0.8060767288291344,0.6110557013237811,3,0
11,1074,516,0.6890290240813922,0.8425952998168947,0.593896105359918,53,1
11,1212,517,0.015446074678692634,0.6609045325798055,0.9871202943606691,90,0
11,1313,518,0.647088366463697,0.39237722382074336,0.7269584204064626,68,0
11,1216,519,0.5058960465114158,0.741967665208701,0.6050912089594682,78,0
11,290,520,0.9540597188367179,0.8503914407441812,0.18463739863550155,30,1
11,497,521,0.1630740136830937,0.37203441811264226,0.17453629956772576,66,0
11,1180,522,0.3837767279336953,0.6741655587798522,0.6515438697410918,63,0
11,1186,523,0.8572975468766105,0.6936481352725128,0.7224792216652478,89,0
11,1381,524,0.5140953731250966,0.3798300839110911,0.1121992489105137,86,1
11,1167,525,0.8146243357120594,0.03559157676969438,0.03591565664330898,59,1
11,379,526,0.5074254509305223,0.4825810648964515,0.7862304760141209,5,0
11,1215,527,0.6824019963534126,0.3827010518540064,0.7636776905931787,41,1
11,459,528,0.8815425960548838,0.9105937259481751,0.5903603805591463,81,1
11,1241,529,0.054815826810139856,0.07344523641126077,0.39312012893320236,14,1
11,145,530,0.8808580146316157,0.9851693173680264,0.2807746077172739,90,0
11,1050,531,0.17896065132071692,0.6899461350386473,0.801081967714219,47,0
11,627,532,0.7552970782992712,0.9128546926150384,0.3467892674398094,29,0
11,927,533,0.5658311157694909,0.2137030683257597,0.16530479627957806,77,0
11,842,534,0.33292240379798466,0.6599271189698832,0.2848747000201115,93,1
11,1001,535,0.958509719514732,0.19154056364798766,0.1482239296737664,27,0
11,1013,536,0.8414333018803417,0.7592496701539798,0.9921060582779696,21,1
11,628,537,0.28555721607880014,0.028975921991350018,0.8202489137723026,38,1
11,1140,538,0.2026831541573314,0.4201373927733485,0.9885379367539683,64,1
11,245,539,0.35899052869808656,0.3013809987102729,0.5090330853394308,51,1
11,542,540,0.3321158147944514,0.7735328683911491,0.8052305227053747,42,0
11,211,541,0.15975718713646014,0.9177153418853945,0.3215669347653939,55,1
11,1194,542,0.9374075729287451,0.023035500067870474,0.3230226563563644,77,1
11,690,543,0.8876249722927216,0.8395344447986333,0.4829428001535362,83,0
11,257,544,0.8748449947174181,0.15411768912115376,0.3305189388323795,18,1
11,938,545,0.4557113195189696,0.6594967310840801,0.6023315544197168,98,0
11,1197,546,0.7896001398250442,0.6558517071803442,0.10597945807086628,92,1
11,504,547,0.3603576642479248,0.6748640320885184,0.25744667605613514,56,0
11,313,548,0.8605987936330923,0.6928580066193037,0.6337466488890288,32,1
11,875,549,0.9064449642233711,0.9217663068556269,0.5577931001087627,31,0
11,1457,550,0.5382999249678899,0.31197729175348754,0.07519300987020971,63,0
12,1479,551,0.47619222605502154,0.4371067057377038,0.2832609637559108,3,1
12,633,552,0.5326990745980137,0.6116721524400074,0.9750721798521306,12,0
12,676,553,0.23812221804384903,0.49798830624421464,0.9541180982880206,54,1
12,384,554,0.09185868065826786,0.43523102806182634,0.22719621892002284,9,0
12,344,555,0.3869199915771737,0.8945804177710728,0.5314684927974073,55,1
12,917,556,0.7840746259144714,0.8032293524536013,0.6247745474373055,30,1
12,1254,557,0.6817517685017292,0.5092437681267846,0.9065870082320538,44,0
12,1068,558,0.8408727234633308,0.31622074549980517,0.89072635705777,14,0
12,1247,559,0.45146826478665736,0.735324880722158,0.8508433732613961,100,1
12,192,560,0.12427198034602849,0.8476257958301251,0.9738198471794758,1,1
12,506,561,0.5226252331424385,0.30796671501691086,0.024118876024420755,68,1
12,711,562,0.039490009784763136,0.9247253570365762,0.33820396972006883,28,1
12,1358,563,0.4308684180710993,0.42346690482753424,0.02363532880943009,15,0
12,1011,564,0.2014168609502891,0.3211404595690208,0.3295805310961669,74,1
12,637,565,0.8442479168661324,0.6138993988414676,0.5110422729585428,21,0
12,1351,566,0.12892590586785047,0.14107680091615948,0.241941967908186,26,0
12,705,567,0.47463742271165144,0.9112405952880094,0.1120704356806359,97,0
12,1229,568,0.38513768759421674,0.791333309029103,0.16667383481753972,98,1
12,198,569,0.8453850946993839,0.12098466779585615,0.9987835212265601,75,0
12,848,570,0.5616247030681413,0.9168999190743495,0.7354458948704314,99,1
12,697,571,0.474954644495594,0.8765783856055707,0.8305156411724173,47,1
12,481,572,0.5961940429332528,0.6286820299884683,0.9118489551069288,81,0
12,724,573,0.23214111172609309,0.9343728810628457,0.5378267853725807,70,0
12,50,574,0.5213835409110541,0.7735151952825475,0.9578111068102884,16,0
12,1129,575,0.3500375382514712,0.6895587534429122,0.6266957805552624,51,1
12,233,576,0.10891793499403313,0.8804913684623367,0.8459958951232445,0,0
12,1328,577,0.7914985973135433,0.29571656119710255,0.7968812306236993,8,0
12,1276,578,0.3607954228610627,0.29581502848000285,0.2108481518076205,16,0
12,101,579,0.2789112105308523,0.08136459054186451,0.7883632075735978,8,0
12,913,580,0.0005696174167706403,0.7689336065847417,0.8867185477483994,76,1
12,1471,581,0.038004487981462276,0.8856195071458579,0.24588287324869962,41,1
12,750,582,0.25184447127852916,0.6943765012406645,0.8491690067492197,34,0
12,1325,583,0.3295302892589168,0.863808700998441,0.4631929160114614,53,1
12,365,584,0.6991276180280982,0.8686618917939799,0.9661850869241159,84,0
12,1053,585,0.36845606233299866,0.4550440854554836,0.43086923560779,22,0
12,445,586,0.796524887914078,0.7180405738581084,0.07905783508084985,37,1
12,1208,587,0.5871662145403442,0.37695149552615903,0.1554811029728137,14,1
12,35,588,0.35056705308389646,0.28396580379958614,0.021877316395545687,38,0
12,657,589,0.15739744875697415,0.9621370944683203,0.543309467361948,32,1
12,93,590,0.0013694093405861585,0.4220168729027788,0.9452719264027749,63,1
12,1310,591,0.3831142751656631,0.8589320925281095,0.1814988584019782,86,0
12,1344,592,0.4067203069274563,0.6027432511256048,0.8747764893190509,77,1
12,1371,593,0.363891243584077,0.34752552816429993,0.20459608898693948,39,0
12,584,594,0.8024040447137513,0.3781619896201225,0.9546469803217167,12,1
12,1316,595,0.09555528063360996,0.8407025781312405,0.04460796739115758,2,0
12,814,596,0.11490222417943807,0.19942495454722253,0.039705062049888884,47,1
12,1452,597,0.2334633085686435,0.4574286792224248,0.7035681432693088,24,0
12,1447,598,0.5137327034226876,0.06494655155532347,0.18565613290269434,58,0
12,1408,599,0.7259014005916505,0.25796549805418634,0.6800611004850446,26,0
12,1224,600,0.9036637406018898,0.1364067360093495,0.8291955973061634,22,0
13,1203,601,0.2670948352502299,0.3427234811453237,0.7194716970582284,2,1
13,322,602,0.1277993516828676,0.7156334638513078,0.6765471575766582,52,1
13,979,603,0.5092144995565676,0.3768754212852363,0.11997123977389679,30,1
13,621,604,0.29959241038929285,0.4589672611218568,0.1525647197576493,41,0
13,7,605,0.9844920388544546,0.47359045176753,0.9454818354156369,36,1
13,724,606,0.03984251236828018,0.6042470367403752,0.6733907046717661,40,0
13,903,607,0.19089503111390738,0.16220443535557028,0.7605620565482898,76,1
13,188,608,0.7535587527636661,0.08274165716697568,0.903508547340552,73,1
13,64,609,0.3863775742798433,0.946911501852871,0.1624746046561848,88,1
13,146,610,0.5622381594924495,0.28827462379154944,0.8081886156832456,23,0
13,84,611,0.8154518104347863,0.7616397318013699,0.023005805264464052,33,0
13,1235,612,0.6668632040987817,0.5339123990748041,0.8288647342479496,28,1
13,1131,613,0.6035510202410393,0.6844644166123528,0.7885492253601827,97,0
13,1045,614,0.6818236385748889,0.04601432316612564,0.9533405006165846,20,1
13,1148,615,0.06424465693991199,0.6809893323922553,0.06336487077929776,70,0
13,1498,616,0.0977992667178742,0.8438571715325364,0.09453007638198141,48,0
13,1019,617,0.607548945297341,0.7631740374268087,0.29190740316893127,59,1
13,1082,618,0.3678443386510687,0.5470655762928628,0.9702468775111478,5,1
13,248,619,0.9957141910034085,0.037078266597236675,0.12010477231018302,100,1
13,641,620,0.820659020038398,0.4934154192944137,0.5766417003330068,18,0
13,1235,621,0.9264784449316783,0.2710666324287614,0.46642923914389,37,0
13,197,622,0.1804632918399286,0.5617904307041535,0.16875277741600303,94,1
13,1344,623,0.6247302916366014,0.5786566453292628,0.049550143089880705,28,0
13,1420,624,0.02787741540551636,0.39578362890584196,0.16442061664604113,9,0
13,1116,625,0.7351423202400316,0.7531568187246139,0.3180705672590345,16,1
13,1058,626,0.04222165222392127,0.3488737826768915,0.6778614237555873,88,1
13,409,627,0.6740795417269506,0.22962039407454038,0.7891692470459987,84,0
13,1311,628,0.21236884535128964,0.6270703483721515,0.6131799307031378,9,1
13,155,629,0.591190988408334,0.09423925179541293,0.1637379450214368,24,0
13,1084,630,0.2759746873859379,0.31210308310126744,0.6776637989225297,57,0
13,1191,631,0.022402813798596766,0.4006438781115276,0.7013697146584189,59,0
13,1072,632,0.6855370491014435,0.07563890363703973,0.9168365636227073,83,0
13,129,633,0.4486591441719292,0.09175939391691001,0.2531235576028401,13,0
13,1398,634,0.7242306625065876,0.5448334092507363,0.6814699135613355,28,1
13,58,635,0.05628449839196492,0.71228261202581,0.9861438526869538,6,0
13,470,636,0.5302034215504031,0.9002642906046967,0.44585600113040036,61,0
13,3,637,0.054266394648734284,0.8889808165090561,0.7608664996770759,91,1
13,197,638,0.14384704566014284,0.3916321295384646,0.11683661851080518,51,0
13,144,639,0.7844132574359453,0.617643513898686,0.6716906573819461,48,0
13,449,640,0.22867230474585065,0.11232001213680753,0.13107498367399306,62,0
13,501,641,0.09332351731567312,0.0889438649648947,0.7422509832365795,16,1
13,248,642,0.14180871772763115,0.2610319170333343,0.4991164479624737,95,0
13,943,643,0.14143220951443436,0.6675817686302359,0.5433824106526776,34,0
13,325,644,0.8438238909215371,0.11834303513448985,0.8815264057465737,99,0
13,1469,645,0.5899425367026359,0.3271465858832936,0.6270057408716064,94,1
13,833,646,0.7923490214866913,0.9959373687990819,0.4128841013532145,73,0
13,810,647,0.2572190963807842,0.2482856842538973,0.441589869074112,24,1
13,679,648,0.6263408324595985,0.7587279512950651,0.5422599535996127,83,1
13,280,649,0.898907590987738,0.05949829320276967,0.6642570084864776,60,1
13,1056,650,0.533955490750817,0.7126870111161298,0.07708827530129725,80,0
14,532,651,0.8707340561600945,0.4184921470187978,0.7019991252151546,50,1
14,1080,652,0.2180457146282806,0.6575585991315914,0.4559214906292034,64,0
14,837,653,0.9669267000130077,0.020573595812578005,0.06563037101563496,8,0
14,1234,654,0.07969248856433797,0.7642609923485958,0.3981642339377335,62,0
14,1216,655,0.7611083597328594,0.16434037729669282,0.9793274374113112,84,0
14,766,656,0.20171882428585908,0.25081768942294347,0.14145805658356525,79,0
14,1062,657,0.11688770194339293,0.7145072062436597,0.13037996001692365,64,0
14,1416,658,0.5590259315099929,0.6076560043099889,0.4137294131321164,4,1
14,169,659,0.3170222825992334,0.2543906140777221,0.9193678988319386,11,0
14,85,660,0.22251995129483693,0.8437143035743963,0.7402678355206207,59,1
14,1047,661,0.43912328973052506,0.05655129177371743,0.12249321919060197,54,1
14,579,662,0.9884214329976069,0.20772386404171006,0.718744187034676,69,1
14,619,663,0.6326775584564301,0.17912088433166673,0.5441376484817451,64,1
14,383,664,0.2786029655745439,0.04344724109150988,0.7800889935179439,56,1
14,208,665,0.9859022031764596,0.5986304097586412,0.879483523739306,67,1
14,675,666,0.27916668089676155,0.9765698614378274,0.5252798916928635,63,1
14,953,667,0.7196516118981996,0.892388733952331,0.21877352013510543,72,0
14,225,668,0.26333281453095747,0.6610698450457575,0.05209823402037084,39,0
14,856,669,0.7743064479265209,0.2413687344562624,0.9770756137761316,4,0
14,351,670,0.6439841243857556,0.7572326511723687,0.8163796059273223,96,1
14,811,671,0.5727068625777555,0.9272977663115081,0.9956820079584253,2,0
14,425,672,0.4588948742637152,0.6735764246396558,0.8538991098018063,53,0
14,1117,673,0.24284325984597044,0.7553831933656093,0.11314450479441307,80,0
14,1000,674,0.6094272384712242,0.7928222631843066,0.9130139231421779,84,1
14,1243,675,0.8743475491172846,0.6302082071481697,0.13191814557978787,24,0
14,818,676,0.03130541405087395,0.4721698082623794,0.35759895069427183,84,1
14,792,677,0.7326697388286103,0.5232483057016047,0.4065520940913956,78,1
14,315,678,0.8799225351602699,0.9282778334328822,0.019993135486528035,16,0
14,1193,679,0.6168877802531492,0.9782840419560147,0.1136116031694665,90,1
14,1344,680,0.2584306324083787,0.8418626424142591,0.9124128478562553,60,0
14,1057,681,0.351475059441982,0.35703263067386826,0.9118448521643385,75,0
14,1262,682,0.7488048209052919,0.5463705647321258,0.8624429599065191,41,0
14,116,683,0.36682236439769855,0.06922173449077385,0.14428274218564763,29,0
14,597,684,0.008073156093916567,0.23776902345274464,0.3086491776616096,67,0
14,639,685,0.10551829464223716,0.85682720140232,0.2647759852554643,62,0
14,595,686,0.285340370117794,0.04939362251637924,0.6480456570680276,21,0
14,995,687,0.393169803189385,0.6139983436028305,0.8382094610424665,22,1
14,39,688,0.36432472307178065,0.5784485965492128,0.9352475438364594,55,1
14,1467,689,0.806427721142235,0.02488626326382315,0.3377902310674694,14,0
14,343,690,0.2215827361724947,0.13620810366598923,0.3654469971901212,64,1
14,1461,691,0.410313315633288,0.5902626146893288,0.7894779780584925,35,1
14,1266,692,0.8142268941187296,0.5373919333509702,0.47947488351878953,73,0
14,788,693,0.793437280534362,0.030374846635656816,0.8764265271047593,63,0
14,1218,694,0.2052253062336432,0.5160443842998772,0.43020145901716067,14,0
14,1072,695,0.3640730122648922,0.021745449338140377,0.9776768349870127,60,0
14,926,696,0.15631314954288356,0.2910644707937602,0.5349084627144004,95,0
14,542,697,0.09009998820237053,0.24521502802200656,0.7101197167350454,82,1
14,590,698,0.5541931862447058,0.07528678627832552,0.3749770496787812,64,1
14,367,699,0.3194922423549149,0.6737061234587324,0.5637296279632293,86,0
14,795,700,0.513689216526149,0.4289656207062066,0.939672761770258,33,1
15,1374,701,0.5879098985780701,0.24735257500572272,0.1580335229015445,54,1
15,418,702,0.6061922676092604,0.26882104318721833,0.9774539856239135,30,0
15,988,703,0.9407652066938389,0.9104237402509756,0.5590391261984942,15,1
15,683,704,0.2346492197003105,0.5501760129969601,0.8477277688766361,31,0
15,687,705,0.8980852932299614,0.2537027008877547,0.5670302785549765,44,0
15,1397,706,0.05130866183311378,0.5129402043371136,0.5463869904806847,34,1
15,1445,707,0.03038283911238404,0.3787156594475688,0.9190668465766682,9,0
15,410,708,0.10876806974633213,0.8953467695309529,0.3679640462014915,57,0
15,720,709,0.6436891470845285,0.22718940266754928,0.37461696894146235,78,0
15,847,710,0.5302935174584055,0.16512708035328405,0.8795877755837902,24,1
15,495,711,0.16212318310708873,0.8973837839806634,0.8280999635880019,70,1
15,1268,712,0.14790494742126536,0.2089743035925552,0.33043627089803074,88,1
15,32,713,0.5294293084233084,0.00226419815826151,0.27831297613917394,6,1
15,604,714,0.9590058987642642,0.4987864181716566,0.12296279955908274,22,1
15,854,715,0.18273000593743582,0.8991621900633057,0.5596413178848564,79,1
15,951,716,0.25912951022509767,0.1785325121875787,0.5029594013901347,39,0
15,227,717,0.12058329235131116,0.8341315892525275,0.5176957367192356,53,0
15,1259,718,0.5946018436715242,0.953568237132507,0.8132163185252747,54,1
15,1093,719,0.9267692898592671,0.8602024293849281,0.7714906506640111,64,1
15,229,720,0.23801514139715152,0.7786409150285266,0.5711828303240737,1,0
15,392,721,0.47242126318133415,0.29101503653512273,0.10648447117255222,24,0
15,385,722,0.9076145585613595,0.3421259623278041,0.4128272505420837,1,1
15,726,723,0.7082831405747101,0.15707870002154078,0.5598461149645084,18,0
15,128,724,0.5282866634645071,0.512779696526313,0.5048189795432221,10,0
15,174,725,0.6393067680449909,0.8276313768320558,0.9045109843866272,1,0
15,1046,726,0.7308395702343208,0.49662446649844205,0.8411772396287692,23,0
15,1340,727,0.7284784520843665,0.8233579335389639,0.10482632419530591,62,1
15,516,728,0.4849771083474669,0.47998612772235694,0.9827236085014329,84,0
15,59,729,0.28147599380304045,0.34847535776834593,0.38065551830441635,71,1
15,1157,730,0.20617459289731566,0.12710179571261992,0.8794236492617186,3,1
15,46,731,0.91861387766964,0.012787094104480534,0.4102392886199221,26,1
15,909,732,0.05824669632752277,0.3530924892172753,0.2905675576873389,14,0
15,874,733,0.33707314042002723,0.8220555985387533,0.7076906863883257,3,1
15,983,734,0.6900501377623072,0.3459847227466277,0.4692619790956566,41,0
15,873,735,0.6000690273037246,0.8189751806185347,0.7124498584382796,40,1
15,877,736,0.433218600143492,0.6900665313005746,0.16262651885241985,92,0
15,127,737,0.10423286586503788,0.43932213559624034,0.6915229098296988,22,0
15,141,738,0.1395280512590752,0.04265138157448789,0.7670236414962257,72,0
15,977,739,0.6965228727169696,0.7095221677230822,0.28721041645122347,0,1
15,1237,740,0.4836966144693602,0.5676751562620921,0.8778718641283446,33,1
15,198,741,0.3395507309511038,0.46509254011450496,0.8025501308181929,81,1
15,39,742,0.3747935310826417,0.9761286947382282,0.6673423492854148,77,1
15,1500,743,0.4286859808129494,0.7483935682083214,0.1566745792946399,21,0
15,1499,744,0.6830566188960165,0.34500170414551534,0.987208819041078,37,0
15,1202,745,0.6009477895248134,0.34060469460621934,0.8295321850535503,74,1
15,510,746,0.07048297949781201,0.6146897775097919,0.5035822752325464,57,0
15,107,747,0.15747785907740697,0.15488510100818498,0.9645178572751496,84,0
15,571,748,0.07055568692234615,0.5414085984549051,0.327095343479635,55,1
15,85,749,0.03459012575426679,0.557746443391667,0.8730950718410898,18,1
15,548,750,0.7760049179450405,0.6590767091865234,0.38076346202718736,56,0
16,870,751,0.8509589076629858,0.8516527336265245,0.5923796624463121,11,1
16,1291,752,0.4161778322261164,0.6595103586224236,0.08101243456533636,63,1
16,179,753,0.9688407845223875,0.9036528591439824,0.2340766728121112,57,1
16,59,754,0.863597702236331,0.02115272250771949,0.2749189523080168,58,1
16,1489,755,0.8603850438750796,0.6057957818456899,0.8801619345923555,71,1
16,291,756,0.36718439993293683,0.031033654929023213,0.8410613298734116,100,1
16,1241,757,0.9543471631043495,0.8407731078304737,0.9435988727372586,71,0
16,256,758,0.7489298456338638,0.1269430074792468,0.5928310116236345,45,0
16,1412,759,0.35369242910772447,0.49252817580209307,0.8363830462932735,22,0
16,1137,760,0.8888328939449607,0.10731463016595089,0.7324571661407048,79,1
16,637,761,0.004112299965128852,0.6429923140243128,0.6891586546046936,35,0
16,982,762,0.571591041233883,0.5487717767120953,0.11207540803982607,71,1
16,1227,763,0.5201727930021924,0.039947289794796004,0.6781982132981698,21,0
16,1428,764,0.0817899405302619,0.7507774612344408,0.05506932099397677,66,1
16,1446,765,0.8623564895026867,0.5317329618737752,0.5191311496845881,7,0
16,1366,766,0.28171116761250015,0.45287383118204316,0.010394935801710026,46,1
16,825,767,0.37635007945304866,0.8936917378687145,0.16331881257252312,24,0
16,664,768,0.47515341442940906,0.7844481565974463,0.6861387195785879,21,0
16,702,769,0.8169348304723988,0.871650454005818,0.24575297200729285,81,0
16,100,770,0.5949380307729589,0.20422455428088981,0.08110436125421872,22,0
16,645,771,0.5639572035274568,0.49093530868973667,0.3643833773617121,22,1
16,10,772,0.36237757592558917,0.36884601053291244,0.8150820255115373,36,1
16,674,773,0.27968467179171963,0.3184883499406116,0.942299974734095,0,0
16,184,774,0.4781202319371778,0.3018983931884789,0.21340183641483135,72,1
16,173,775,0.2557335320315858,0.28271120391549565,0.298290279004662,90,1
16,731,776,0.3395114382042821,0.6081167278058752,0.3682427102719472,73,0
16,852,777,0.4403763349468267,0.5500180774683382,0.9243982775645367,85,0
16,156,778,0.8435008643936305,0.06155057409649756,0.6905456785455081,36,0
16,965,779,0.9305106167465388,0.3117252898068661,0.08933888057573536,8,1
16,1315,780,0.829741369555985,0.35136087833649454,0.9625233796508781,66,0
16,271,781,0.5256997148931065,0.11352686806724122,0.2819855075000949,39,0
16,1258,782,0.7115572532942754,0.557345415899829,0.44563462903545614,55,1
16,751,783,0.33520860921068674,0.715043717779851,0.9838073773247086,91,1
16,1028,784,0.4591969225542821,0.13601186921996067,0.42611314221001384,68,1
16,307,785,0.9404896563472046,0.24371008422508644,0.6656058171864317,57,1
16,304,786,0.3549474799949155,0.48762629428205384,0.7463708744542952,69,0
16,1450,787,0.172985677257379,0.1754625346085239,0.8725232116165287,95,1
16,1249,788,0.472094057017978,0.8897817710320066,0.45021943689471167,78,0
16,668,789,0.6525916187915881,0.29772521176735167,0.09499342157071222,52,1
16,107,790,0.12651425980849584,0.7582353612522865,0.35756956108760063,24,1
16,1124,791,0.1221014186726106,0.517932830454067,0.573969558073093,79,1
16,806,792,0.30369489093940005,0.5991064042985562,0.741103116633294,52,1
16,257,793,0.9076491013983337,0.7047807626020539,0.6691054370119449,3,0
16,1186,794,0.6746038509929627,0.18025163963415647,0.5790157214963167,20,1
16,1007,795,0.22193415638011005,0.5315716925142767,0.32727592334397193,98,0
16,881,796,0.6034875606219187,0.2528396912811238,0.34571523714321173,7,1
16,554,797,0.660239833811912,0.10912306422380647,0.7819006504407833,98,1
16,134,798,0.5230546799078449,0.8493371919115164,0.5966244252406274,21,1
16,1044,799,0.7593824605373287,0.3298511123794293,0.5730883355487617,4,0
16,1458,800,0.024738988659156913,0.7679006061813245,0.5955435577539185,86,1
17,595,801,0.1911172271039535,0.7230588930511574,0.7584375303651906,9,0
17,96,802,0.9663717444251193,0.5951443870756984,0.9507288333988773,85,0
17,935,803,0.4977400017568321,0.6111450545358492,0.30259169173188294,44,0
17,1433,804,0.07651479839352915,0.5158694900601193,0.9826883397056941,62,0
17,778,805,0.30817969021799474,0.4023996114434274,0.41518800459919936,84,1
17,1124,806,0.0017723861734066926,0.02332249037765899,0.9888612052774512,3,1
17,1333,807,0.5794142418856143,0.5941194683730416,0.16769178047441946,9,0
17,1191,808,0.9994782500995681,0.5470827239496151,0.8828399856319568,89,1
17,1140,809,0.5900994975210713,0.7202319439030938,0.3071503323727486,48,0
17,1110,810,0.6100729288144449,0.24525304593641517,0.7157080497454505,62,1
17,560,811,0.3277266127280789,0.456609413190324,0.8268201884200105,9,1
17,349,812,0.23703254560280984,0.7299474839585582,0.16902284262081724,13,1
17,1487,813,0.5081565720401193,0.8505541206318973,0.14309483212847252,14,1
17,450,814,0.8997861669773904,0.5238015680555114,0.2071169870542442,70,0
17,367,815,0.009751104114700926,0.6131387529519022,0.7129608509342518,35,1
17,569,816,0.5696508422418475,0.2778356778086034,0.9774338795489909,89,1
17,334,817,0.4285110712703185,0.45372169155065456,0.41065338175841926,82,0
17,1177,818,0.6211793059939905,0.49617448019176746,0.09752151657319064,9,0
17,833,819,0.8399580262080151,0.14296605200450974,0.49376386086247104,91,1
17,38,820,0.44904391262661825,0.06915870456104567,0.11315476931339963,55,1
17,189,821,0.21768278162070565,0.18580979381369,0.19342698951450044,4,0
17,671,822,0.3766069869311608,0.8344613638769114,0.3820362826474476,1,1
17,1399,823,0.15055137165084354,0.47957809223362635,0.29233962805278935,99,1
17,542,824,0.0848992142108389,0.1187323177123698,0.8259693592843237,7,1
17,1264,825,0.3758763494031635,0.9576831490294305,0.89676543925212,64,0
17,579,826,0.6256985496114685,0.1365064616356808,0.8825783798622984,55,0
17,171,827,0.2628353360875504,0.5807696310037332,0.9214750677077547,71,1
17,43,828,0.9156841594691943,0.5393666944642225,0.20885512757148517,93,0
17,1336,829,0.6889512994530017,0.20999556653146778,0.3474099399699284,68,0
17,988,830,0.6863134531018993,0.1335633693012772,0.7020690949852435,6,0
17,1429,831,0.6917106852566379,0.9207991049762231,0.265736702811074,80,1
17,1362,832,0.0016844982284425214,0.12331317366057848,0.25357288527565147,91,0
17,1035,833,0.8130067534159009,0.2940820968684509,0.2589213990385739,67,1
17,508,834,0.9176086279433802,0.5551932575440635,0.6181693488257696,43,0
17,885,835,0.019397983736088364,0.7016335909990409,0.45615341043474555,65,0
17,167,836,0.5982939903852376,0.28669798314451955,0.8135536591381748,47,0
17,47,837,0.6765757701274786,0.037195925603640156,0.7382520919838902,98,0
17,115,838,0.19624258094934133,0.6247817020201869,0.2858147023966334,17,1
17,763,839,0.8382112629992908,0.5427557811602874,0.362295856245882,37,1
17,982,840,0.6258314142890883,0.05768830972263517,0.6744324331154785,58,0
17,1183,841,0.22505507332950425,0.5545566446370729,0.34315266373470676,37,1
17,682,842,0.9671901167175533,0.32720514725881267,0.6578730216819448,48,1
17,956,843,0.21586562467402015,0.8104086763389505,0.9544212362465695,38,0
17,828,844,0.6785878069331915,0.3546239934613571,0.48300792138697757,45,0
17,25,845,0.47388977885992334,0.5620410456936389,0.7394512515527739,36,1
17,1459,846,0.7232848225591392,0.5197848565448161,0.5205419810791196,87,1
17,683,847,0.09775912392053465,0.9419720727301862,0.6733235341311146,26,0
17,804,848,0.9525452555333542,0.5932378951219841,0.8049326947719561,33,0
17,742,849,0.20448903080791148,0.6508195131872638,0.7749818756571051,42,1
17,1073,850,0.2203839392367527,0.4259935511474252,0.13065458761404358,95,1
18,463,851,0.5540285354922339,0.13568898286979791,0.008099849001385828,81,0
18,1107,852,0.34973326342087097,0.4704634398234121,0.6601649937650526,21,0
18,1282,853,0.4421296856512196,0.7231144035165433,0.7283525055995694,31,1
18,1013,854,0.037098496526235536,0.5101511584583466,0.23361698780270745,11,1
18,1018,855,0.23488444520062746,0.6045491578196994,0.9618517510902505,66,1
18,456,856,0.7735331167418869,0.7974203581181253,0.7582647951876477,42,0
18,878,857,0.9022151540254663,0.008278616110938386,0.5121773929719086,97,1
18,1284,858,0.2334774429383618,0.5534285841569992,0.0969573027015398,22,0
18,482,859,0.7733489997148366,0.7177607608083186,0.5994073994975684,11,1
18,754,860,0.028946693079416108,0.9698018003194976,0.12027520898363564,45,1
18,363,861,0.04472428005702034,0.8468460811709215,0.6873827280399991,48,0
18,624,862,0.39300921838654257,0.7767604614537719,0.42249223863270313,94,0
18,798,863,0.1479111457346507,0.329987264882702,0.6189569636430072,19,1
18,159,864,0.1661385686436888,0.4928490438260067,0.9924063233712144,38,1
18,417,865,0.6273970248168016,0.6384936401338369,0.31307371798561434,68,1
18,515,866,0.8581642688718121,0.9496947202784521,0.7319160600193119,13,0
18,237,867,0.7789672417730515,0.9939356068614296,0.6162475260383236,45,1
18,829,868,0.3364938083574237,0.791840276361373,0.8561782604744544,90,0
18,413,869,0.8752159670234088,0.6049395105381546,0.9918302703141703,38,0
18,1438,870,0.8413459203660864,0.9958409479559714,0.9039006941260895,94,0
18,341,871,0.5242116968238286,0.8363268193238578,0.08599677735260114,14,0
18,1010,872,0.4758760626650278,0.515923994451624,0.6092082269440581,60,0
18,1063,873,0.05846241865712687,0.5304925308689122,0.30784281545800607,99,1
18,357,874,0.15052506965642853,0.3203789537906453,0.9358882026635836,95,1
18,749,875,0.08541319952824689,0.33453052494424285,0.36716828036872196,54,1
18,666,876,0.526772502073614,0.7962924967834828,0.6916946171356516,74,0
18,478,877,0.6766384962322588,0.20028190473975815,0.30115955251491633,99,0
18,225,878,0.6187820104468493,0.49614905647296026,0.491497804505286,78,1
18,458,879,0.872885243630802,0.6614772033374676,0.732706716784342,19,0
18,783,880,0.6587024039381469,0.8664708462385277,0.9835345675991122,41,0
18,1066,881,0.8297076910155714,0.6864941547793126,0.9410424953378342,27,1
18,1359,882,0.14042518457369368,0.2259264902652346,0.6910487637541541,5,0
18,1298,883,0.17164807461221854,0.3665033081119252,0.05072500412640779,55,0
18,1277,884,0.9184122777180632,0.237277221392596,0.11271820135475585,88,1
18,403,885,0.3547046819793165,0.46052378012679573,0.9282155388155773,72,0
18,858,886,0.21699876674574414,0.03482275171599469,0.41374744826398213,19,1
18,998,887,0.9120692352914247,0.45191909150643506,0.6086020329336799,37,1
18,229,888,0.970104524388832,0.10860783334702362,0.8589612043359179,77,1
18,1182,889,0.6377696458650873,0.6061125970608121,0.8685603751313727,94,0
18,516,890,0.38833860111140084,0.8153860497392181,0.38650489101982866,0,1
18,274,891,0.6883857553986217,0.8640917959212091,0.586653627574434,11,0
18,1376,892,0.015557876902810186,0.935930130828457,0.6884716069347022,34,1
18,96,893,0.1447122867817633,0.9742772376866585,0.44085608992202086,12,1
18,580,894,0.3687144441173573,0.04563729877947076,0.5617760375473437,51,1
18,1168,895,0.8322245014132778,0.9025437832323396,0.5412386763362107,27,0
18,681,896,0.30431590637157546,0.5414799305634069,0.7868075348236692,39,1
18,217,897,0.05787189174887575,0.811175552265277,0.8034650794726296,32,0
18,308,898,0.3787352733338839,0.42646474891875186,0.9321376823956441,27,0
18,244,899,0.2412541524818187,0.11284746001259771,0.9418141185644088,6,1
18,528,900,0.05605993807075327,0.5120862684196474,0.944556569175971,54,1
19,275,901,0.39892425754725225,0.5243599459376701,0.016168675615097383,92,1
19,522,902,0.3514213919401016,0.43570369589262925,0.20109483107139625,17,0
19,1314,903,0.7338399809392107,0.12133138870452276,0.5003396383778801,68,1
19,435,904,0.06320482121691595,0.035731378959714566,0.07583045410787725,24,0
19,206,905,0.37905444622391105,0.03654005472869826,0.9969634163822209,91,1
19,453,906,0.3424335228146467,0.11254167811387461,0.8665149214914105,18,1
19,303,907,0.6468215249343464,0.028143101337750553,0.048159766631629464,82,1
19,702,908,0.8879207710432816,0.6880236333954617,0.8878326691595633,94,1
19,1384,909,0.14298979012766122,0.9372386100288916,0.32354951013004196,5,1
19,1269,910,0.8162537513998236,0.21125119329092046,0.9666971339817572,30,0
19,368,911,0.6097234027512662,0.8783796719738592,0.3322860826140994,75,0
19,981,912,0.029242694013976278,0.5242687951066105,0.22567893071373313,57,1
19,104,913,0.7668886791662436,0.07570046261467478,0.288307008561033,62,0
19,1316,914,0.5376880330339259,0.8734763175241615,0.5861422441840674,60,0
19,1399,915,0.7999288245801247,0.4721822039062248,0.5582718358883682,55,0
19,225,916,0.4088680328694464,0.9595746588506513,0.5327794051682826,94,1
19,1182,917,0.6655027937880515,0.007153003215922937,0.06797240993182352,1,0
19,148,918,0.19880420538553856,0.3382351924864585,0.7128186087391576,22,1
19,1097,919,0.19184457474798877,0.20467409340876108,0.31548717807819826,5,1
19,234,920,0.34026240812561515,0.017091252958985836,0.5320313470059952,100,1
19,1323,921,0.5194405063277148,0.3378675966045188,0.6602788076410487,82,0
19,29,922,0.7165267905793272,0.4967018554921604,0.83918141817919,2,0
19,1104,923,0.6668048227723277,0.5235266378353352,0.30902415497302793,48,0
19,812,924,0.8213445631683517,0.7796124762342274,0.4769280340909049,46,1
19,469,925,0.4263969157830795,0.3208974062434783,0.647082088775076,43,1
19,921,926,0.9125292544458348,0.048957105097947484,0.6110007548501634,61,1
19,1179,927,0.10916772410022535,0.637470151467424,0.8277049676227679,9,1
19,1201,928,0.18720330880440683,0.9086186148273787,0.2773262790231278,34,1
19,1022,929,0.6837175752899485,0.5872626293025884,0.0642718222689439,73,1
19,1229,930,0.2537726800621737,0.2367904450642433,0.2699824168570233,11,1
19,273,931,0.16459054620342062,0.26564564081642383,0.9210424058837183,39,1
19,515,932,0.8864937449328572,0.3588211102113328,0.5149922982707087,39,1
19,1191,933,0.06840084648216127,0.8709667512271069,0.13274884452067826,97,0
19,834,934,0.9914711074357121,0.8282257182974336,0.9372723537827731,22,1
19,287,935,0.862589311370107,0.0834513917780495,0.0181589311535586,52,0
19,1261,936,0.8682577473523028,0.1445389280678243,0.3958219450743665,65,1
19,176,937,0.6287130625457747,0.6898572136659693,0.3438560905737448,31,1
19,443,938,0.22485567983494403,0.6728563519026688,0.8428969057773448,19,1
19,202,939,0.7980915547272193,0.8800143869505113,0.3309717290351598,56,0
19,1268,940,0.053800565174306536,0.46133886521391576,0.6042380086375574,26,1
19,1284,941,0.582115344947845,0.5658176709219338,0.4562123585675373,62,1
19,1487,942,0.43915963513820166,0.8740743813733107,0.27632036558315964,20,1
19,1366,943,0.7504068319797628,0.2845242442381689,0.9947008049116052,36,0
19,1109,944,0.023768132196100522,0.7443384374202712,0.42434933460616864,65,0
19,1426,945,0.3867855037467396,0.24331510762444297,0.36904759091641215,18,1
19,925,946,0.47709440152749405,0.07189115379287292,0.6174537974176355,71,1
19,833,947,0.15235922547755543,0.4503939908833281,0.3151049783362234,99,1
19,305,948,0.41472018678344846,0.018593363243784022,0.5057001105655267,65,0
19,709,949,0.9104776860613233,0.7356737467901512,0.46880092269274387,58,0
19,527,950,0.468634224195022,0.24795402616131945,0.6821430786222143,44,1
20,518,951,0.2517761776166666,0.8984915593472237,0.4603092356902102,93,0
20,1213,952,0.5323350610316762,0.02488777917197016,0.2659574947136487,76,0
20,382,953,0.060842434583877836,0.38728972094018776,0.9199350162670122,62,0
20,1282,954,0.2942685427636743,0.4118977902658787,0.25250497452835474,55,0
20,918,955,0.7836367416903384,0.9893339005811668,0.7354917026364676,21,1
20,511,956,0.6419142502462526,0.39667770647280487,0.09391719738647641,34,0
20,904,957,0.023984851587710243,0.6888393994998875,0.4704411881304432,37,0
20,82,958,0.5698759987051809,0.013802487129565,0.5707771096976636,66,1
20,349,959,0.217340080443442,0.53866700491706,0.44016026507256945,32,1
20,662,960,0.9757498158285773,0.41601676551754296,0.8647545834995967,68,0
20,1171,961,0.7836869956934533,0.2476556872297604,0.7092918756411659,94,0
20,196,962,0.12790809922770463,0.49302563258921106,0.8717423778181481,53,1
20,1145,963,0.3855456776809947,0.8860646887466246,0.7742017599058459,51,1
20,1416,964,0.48996963150467054,0.8759414928180455,0.17407111779263218,19,0
20,1256,965,0.18237171379222494,0.6704436075400154,0.8285549353958552,65,0
20,1341,966,0.7042838534638232,0.35266536874164045,0.38322832573574195,25,0
20,137,967,0.8413787602688142,0.774466650946721,0.06915703960107777,48,1
20,95,968,0.004464595389564008,0.7736108155150374,0.13075880812647966,92,0
20,689,969,0.13322338813487433,0.8908308168772802,0.9979719365614088,10,0
20,1299,970,0.2834628391543551,0.9063307480797368,0.1664344852854659,12,1
20,1199,971,0.984110227654783,0.30652529496974745,0.32790611868448827,77,0
20,436,972,0.4045278785001656,0.5429267025090385,0.19732794287267463,62,1
20,327,973,0.1702519629762531,0.5775115130627325,0.639102709796224,70,1
20,427,974,0.1209271179720528,0.2006088058451989,0.23593161954171593,98,1
20,804,975,0.9013561636857569,0.9467983862086569,0.2646782224647273,62,1
20,455,976,0.8102440844424843,0.6972137297627324,0.9809302902732064,40,0
20,820,977,0.6193006073063304,0.7628968100744891,0.32231106724652736,13,0
20,704,978,0.5396956570693588,0.46454098093091767,0.8755776405211475,82,0
20,485,979,0.7771537615303663,0.8661336711039986,0.9277317615682082,76,1
20,386,980,0.31815053830366735,0.8659033484745418,0.016029109134989672,28,0
20,53,981,0.6398546571412967,0.06861686999837746,0.9060646007124324,15,0
20,341,982,0.7368454413919675,0.8435367206207521,0.6356937152732441,11,1
20,634,983,0.5756487262436776,0.8502025173355062,0.09471404447460019,65,0
20,1042,984,0.16873195348547398,0.82539010739856,0.7619128501775817,12,1
20,272,985,0.9859047964010813,0.3889754394337501,0.2701089865019001,9,0
20,451,986,0.8111955617155305,0.5824970364547362,0.0055604575680947566,31,0
20,986,987,0.49062694324010003,0.5546627314840147,0.788379199880358,19,0
20,1246,988,0.6199701755815862,0.7504549332840083,0.6340028714997075,41,0
20,850,989,0.7600759906649841,0.98246079544366,0.07754288854790592,86,1
20,1129,990,0.4585851836596073,0.060850243914182256,0.0393292601219738,31,1
20,1250,991,0.739116204876751,0.7895691703347872,0.6491174155595966,90,1
20,943,992,0.7729278978334481,0.41783122448259136,0.11404867157589937,31,0
20,25,993,0.45900738952238873,0.3751799922421857,0.7302129840318863,41,0
20,819,994,0.18776812782184882,0.5933174180430605,0.9445272408293715,31,1
20,717,995,0.5977670787061549,0.20601011250106604,0.9774585749913277,83,0
20,291,996,0.5542888392884701,0.8693678055948396,0.9652658007918168,19,1
20,177,997,0.500493685819311,0.052732294758730314,0.26404169325063154,88,1
20,1199,998,0.05858202317369332,0.10335489098988315,0.18839095705369902,46,0
20,1469,999,0.7775631943305389,0.8138340674888196,0.039623237394951216,44,0
20,1379,1000,0.5387082535651173,0.6906737552086535,0.7731498831608319,44,1
21,252,1001,0.43065145226838597,0.7314387927718887,0.2078535512060884,13,1
21,112,1002,0.8148922205470591,0.38030498542044533,0.48538274296223893,42,1
21,1134,1003,0.19688469106306683,0.7130779882849898,0.6612821600160929,31,0
21,1078,1004,0.27168135813174477,0.30665666375825296,0.36421644675417686,6,1
21,374,1005,0.6397270437316123,0.7819898734111425,0.012640874055031448,72,1
21,253,1006,0.3900580373018665,0.13525178527844484,0.7724880208951234,77,1
21,100,1007,0.3030692892057736,0.9273656446691905,0.40113569310454444,49,0
21,603,1008,0.2546159351015198,0.8603160480925882,0.632109293520834,44,0
21,1318,1009,0.4857307866628775,0.0010176394510772457,0.4048612822301283,58,1
21,273,1010,0.7755368723009688,0.3873041255173092,0.7672977441934399,67,1
21,454,1011,0.8053259580175688,0.2747150526709883,0.5566227074759017,42,1
21,59,1012,0.7905697006854675,0.7771360089546365,0.1260733976449484,74,0
21,1211,1013,0.8856452506740252,0.18072562591614416,0.6790791273237241,70,0
21,436,1014,0.050741830639421504,0.2780154121984675,0.8576724099853549,20,1
21,600,1015,0.9822168599100114,0.06586298914187683,0.0745558323295391,8,1
21,1077,1016,0.42646149178859716,0.26162728669004487,0.0228269619977316,28,1
21,255,1017,0.19298210794577952,0.19279875717635175,0.9998552762481914,53,0
21,1016,1018,0.9700227833676315,0.9299806402782133,0.191230974656299,80,1
21,459,1019,0.8251823228761317,0.8069732007959904,0.16179825309702955,27,1
21,163,1020,0.9297235523838182,0.9392779210680061,0.12781001383817792,58,1
21,396,1021,0.5231537257537632,0.2659358427327181,0.11693498979704142,35,0
21,151,1022,0.7477418496154136,0.21045025495433556,0.4195927332030268,24,0
21,1431,1023,0.5194640377742835,0.5697984797869662,0.8863009366927412,1,1
21,981,1024,0.5394501138114556,0.6364054449044657,0.10739042861339443,1,0
21,42,1025,0.9515009644070361,0.9343171152800466,0.16280990705296106,52,0
21,731,1026,0.7383569836420978,0.6216300543909267,0.1129778284224463,62,0
21,1461,1027,0.5667778068474927,0.24693274222900852,0.7855108884798174,25,0
21,753,1028,0.3927352644321399,0.4628037979532711,0.6234232228104202,26,1
21,1281,1029,0.16432763861441124,0.3818867100165513,0.7320942899866889,65,0
21,1319,1030,0.11573037457541713,0.10745578668845235,0.967518492380279,75,0
21,887,1031,0.29966614553662196,0.3482654463926671,0.7705654973452187,96,0
21,278,1032,0.6928043451973245,0.5644816081422298,0.3865004316574546,76,1
21,49,1033,0.19155261876570961,0.4832198672720466,0.909073339411651,58,0
21,641,1034,0.13146213659070616,0.15924071708241105,0.10885893430165228,92,0
21,309,1035,0.07775737697313989,0.21797935151533632,0.44473762350356627,65,1
21,1387,1036,0.8462493800401598,0.9421374009833705,0.6430827904391008,70,1
21,646,1037,0.24118982176047088,0.1902269074976456,0.33750957500420453,75,0
21,698,1038,0.2008504640859532,0.5286553283137758,0.5233260520151785,71,0
21,896,1039,0.3908538678925718,0.9681470056740973,0.9486005465196753,69,0
21,1318,1040,0.6294862004857275,0.7608106844888659,0.622694174289254,12,1
21,1486,1041,0.5862597572348028,0.7494331524491372,0.6386923996890309,32,0
21,229,1042,0.9236578068800452,0.7292631241195673,0.23354604226848963,90,1
21,666,1043,0.6819721303815472,0.9552544513041231,0.299658050582124,64,1
21,412,1044,0.5619715500975947,0.9139677965232134,0.9822541972293697,85,0
21,267,1045,0.7115981672249322,0.43975560474968167,0.6327886546730507,88,1
21,1353,1046,0.6637234880901197,0.1855942173509879,0.7692171432350444,77,1
21,215,1047,0.767478319227962,0.22103275641765985,0.36570668171075604,38,1
21,199,1048,0.5724263128483078,0.9278406588394517,0.8714933565966367,24,1
21,1097,1049,0.8072907950548832,0.9914298894368139,0.5030122503540873,46,1
21,438,1050,0.9000573049353442,0.9857451928593784,0.659238502892531,73,1
22,462,1051,0.6964768294145666,0.2967857725025246,0.7485253000748656,31,0
22,1014,1052,0.3576198580418821,0.05191971586307764,0.7099746447597785,49,0
22,51,1053,0.27997823560285806,0.5900228406660281,0.5474010479225413,4,0
22,1442,1054,0.6371856652119066,0.8807061508193257,0.9638053875283689,91,0
22,745,1055,0.6314291382744621,0.723565708034751,0.9309615672971234,61,0
22,1064,1056,0.023910563851629152,0.5421196080325291,0.8802814320132492,28,1
22,311,1057,0.747109389627796,0.26404744607851527,0.3310199626604976,80,0
22,1334,1058,0.22187448682775046,0.011004910235885346,0.47666505311735996,52,0
22,1009,1059,0.05449016214043634,0.6559371706890754,0.19934430557651495,23,1
22,756,1060,0.15319920756241112,0.7112778102079612,0.048715623785064,83,0
22,1468,1061,0.6567808884737264,0.21246293381683068,0.9568956530946923,72,1
22,1098,1062,0.5230546880987594,0.7719351394538858,0.5609453914903945,20,0
22,1189,1063,0.8469377416298873,0.3996280559368416,0.8190777773896318,51,0
22,1266,1064,0.10625274999099044,0.8906572481184172,0.7546455532925779,45,0
22,1487,1065,0.829516640558441,0.7568576404529217,0.932088841341747,24,0
22,609,1066,0.6509178999698826,0.09702327806528777,0.3794656360338222,60,1
22,575,1067,0.21492954390011454,0.5560109961661936,0.8701301389508224,22,1
22,1043,1068,0.7369056156720564,0.16300423641487494,0.6242156440926993,19,0
22,699,1069,0.7413332879208887,0.5658794249502692,0.033974192048172314,27,0
22,292,1070,0.1080015844823825,0.5713178210231885,0.415604749694506,2,0
22,625,1071,0.2664468110210094,0.29328582211032805,0.8983726628355896,50,1
22,147,1072,0.6388649039268323,0.6012828992781929,0.40841451061221623,84,0
22,602,1073,0.3805746630158313,0.126681913207486,0.950196852808988,77,0
22,672,1074,0.7652449460248011,0.8157364224524003,0.6928724077728156,35,0
22,1481,1075,0.5360424408076255,0.8024721910838063,0.46450700474612217,38,0
22,140,1076,0.8569970748307678,0.6697837819906272,0.10720444647837535,80,0
22,475,1077,0.11102601540791324,0.13453361329740143,0.7296395193887433,45,0
22,372,1078,0.7337467724624002,0.6602063780786994,0.25310685165557034,32,0
22,338,1079,0.4646399700689676,0.37525977494926976,0.15417026833850234,66,0
22,396,1080,0.5193909558246362,0.5428376272994608,0.999503001337619,18,1
22,1340,1081,0.2840455621221746,0.41857961196358817,0.5277066834698889,89,0
22,587,1082,0.2690631536826119,0.7360364243726896,0.58233666940854,43,1
22,490,1083,0.18980381538838287,0.04041296778198511,0.5307424414430174,3,0
22,1206,1084,0.3733456825587742,0.16420331562435564,0.6879728200466515,19,1
22,785,1085,0.23898784499249692,0.43204571718215967,0.9819248117472253,48,1
22,419,1086,0.18972807629864252,0.6010352211005731,0.750913325220054,56,0
22,1073,1087,0.9617959126059913,0.0215417117859239,0.5005297691599551,17,1
22,533,1088,0.4474142824826589,0.7717597696242601,0.5495482105876296,20,1
22,283,1089,0.6781223326131219,0.20375498295746464,0.1429979838434462,85,1
22,1169,1090,0.37414815850767913,0.07487440244304,0.9216942893272587,40,1
22,796,1091,0.5697937438063874,0.6962625309504543,0.7392000035972146,48,0
22,635,1092,0.4992021090336326,0.16562493034273762,0.7028819171914146,70,1
22,867,1093,0.6126881483507907,0.0681142370469513,0.02123511511227405,16,1
22,1417,1094,0.722728754448925,0.06054839398188494,0.9589132765463123,65,0
22,1092,1095,0.663909205751314,0.5583595942408917,0.8865550918377942,76,1
22,1477,1096,0.7621033886497018,0.5170376587698964,0.9099576762178453,46,0
22,743,1097,0.14630440791225285,0.5194402423599609,0.859219372721498,53,0
22,872,1098,0.09403114050354289,0.5891370445409818,0.940937649204742,16,1
22,497,1099,0.33889943307925674,0.7065858155260711,0.29558698759303215,21,1
22,735,1100,0.48182786087509044,0.4075743369127245,0.28332967561870237,77,0
23,587,1101,0.22440258642932365,0.40468727228474166,0.09586965391469993,2,0
23,390,1102,0.773224529969948,0.44611918558068875,0.30909554144177775,67,0
23,1146,1103,0.7195559442230915,0.8776996722246968,0.7327375856469629,17,1
23,257,1104,0.913578918296801,0.7802873423853813,0.8387492492523111,73,1
23,870,1105,0.7289601976453268,0.7560062649157743,0.3049188995218567,55,1
23,1352,1106,0.10714531786189696,0.2518730347440954,0.5926479299846398,36,0
23,845,1107,0.6649948238340624,0.050402531746646995,0.8625917199357783,13,0
23,1450,1108,0.4120593377116154,0.021720139738790722,0.9164271884227214,17,0
23,1474,1109,0.2596147771366438,0.6696379620875338,0.4854166262139785,61,1
23,732,1110,0.6019514224019971,0.9902486728037437,0.2043071270566199,52,1
23,1111,1111,0.302190167339327,0.7458109310519482,0.9759840926862732,33,1
23,1228,1112,0.5308563256808755,0.34646755874914714,0.8977678817443772,66,0
23,782,1113,0.5759773853564093,0.0672867298129669,0.5016515461953455,21,0
23,312,1114,0.5290669153175487,0.4761389744073615,0.3937502566751685,49,0
23,971,1115,0.010686520253527898,0.6408838185293779,0.31021830349507873,50,1
23,4,1116,0.348738914166999,0.45844897005126006,0.45949074004896395,18,1
23,898,1117,0.7904622642826705,0.8107306521110673,0.5825210383400357,90,0
23,596,1118,0.34689564414614005,0.1901413339460848,0.011213700243502656,76,1
23,315,1119,0.5093794997730307,0.8873480999517463,0.16929006317873208,64,1
23,1263,1120,0.34663207969126386,0.6830283891151333,0.09815058843601687,63,0
23,248,1121,0.19923790748845183,0.9767435709809705,0.5293648553994275,15,1
23,1032,1122,0.19975347066528681,0.3058548625447419,0.9022248342072359,6,1
23,209,1123,0.748859584640402,0.7831234880638177,0.23197152871593096,7,1
23,397,1124,0.627952659636836,0.33087917266421885,0.8730501697425869,51,1
23,592,1125,0.932057041088958,0.522944806783477,0.5814042732724786,100,0
23,169,1126,0.4210046599370373,0.2871965953125428,0.20244266253915977,47,1
23,926,1127,0.6365672593725238,0.1032766714199852,0.4454002038732414,17,1
23,739,1128,0.4685395758399834,0.12290065043449783,0.8798600669467141,6,1
23,1327,1129,0.47393787286906197,0.3661973822098822,0.8584791264164668,17,0
23,1035,1130,0.8540873756008774,0.014996209611623401,0.8176977751868135,68,0
23,845,1131,0.4543027437485102,0.9364975310736691,0.535084959337737,15,1
23,3,1132,0.9281668006312838,0.5247678871519807,0.061289674862634036,80,0
23,740,1133,0.6205072571476393,0.38006694053982726,0.948054663032716,42,1
23,490,1134,0.08542429297114362,0.9408966978145163,0.39389375079206057,78,0
23,1134,1135,0.06798291605090445,0.733710360628533,0.09482411863621143,69,1
23,1072,1136,0.9823142123446809,0.31169108603787987,0.9146027731321105,76,1
23,1469,1137,0.3993593860447815,0.5940313134627362,0.9595953639430167,83,0
23,1088,1138,0.5874588318505717,0.5552748771531235,0.503765716904798,78,1
23,1229,1139,0.4315860696701923,0.40928810712776453,0.6045894403601783,86,0
23,1294,1140,0.158896438494607,0.005784635748944389,0.02152642181150599,69,1
23,1082,1141,0.12555170305093377,0.8613790875848178,0.633774771231147,65,1
23,825,1142,0.21269615262495822,0.5570251248175856,0.8589804801073733,67,0
23,660,1143,0.6053378112295557,0.11227480278026336,0.3099027680890577,62,1
23,903,1144,0.5465335873757587,0.23055141386959832,0.5833327776320305,77,0
23,863,1145,0.3285884322865048,0.33311206272612004,0.8331549801749796,58,0
23,1324,1146,0.04417423970816814,0.32407308065326046,0.8501157615275499,25,0
23,1424,1147,0.32402805011222846,0.24875112299479218,0.15046441162667412,6,0
23,1210,1148,0.39830332365240295,0.0009730443706955638,0.20749708601953043,14,0
23,1025,1149,0.7564237829340678,0.058999006691355826,0.4923742832646053,13,1
23,536,1150,0.7374839894934233,0.5697309254334905,0.5156405643302143,77,0
24,317,1151,0.22140809653603255,0.5493140198739593,0.18289982585360653,93,1
24,934,1152,0.22767395199424867,0.7106690541715514,0.23654862240451502,0,1
24,218,1153,0.6278828273877696,0.6032760905056909,0.277337614439212,63,1
24,654,1154,0.6517763473952897,0.1881039288832026,0.8000494886385671,91,1
24,877,1155,0.5611027760705191,0.5405664223366136,0.5717685969324905,94,0
24,594,1156,0.11197138032779375,0.7613997667328053,0.386273812652825,29,1
24,1289,1157,0.28572014839159043,0.01792085415625655,0.23255398815240957,21,1
24,338,1158,0.03170321146107313,0.5731551001517105,0.8918142216122604,20,1
24,971,1159,0.7615941474726534,0.6830448701444383,0.6445796242604074,27,1
24,1416,1160,0.8065034273644852,0.06741229362884549,0.7959150602932908,37,1
24,596,1161,0.9204805994112247,0.3147267097846198,0.03569942277803495,20,1
24,1150,1162,0.08791556678404544,0.17838321878096963,0.9415336094307294,49,1
24,1472,1163,0.9062129562245375,0.5724104020562444,0.0022078896388015856,89,1
24,1020,1164,0.9184252230271858,0.8252404981774144,0.9127236431243568,35,1
24,746,1165,0.9977059924321842,0.8382978494043921,0.7478620365429742,52,1
24,501,1166,0.7778885680443031,0.16199956202126764,0.2057315167847662,98,0
24,1044,1167,0.2626378356410527,0.6886204094837586,0.5232956412282962,0,0
24,896,1168,0.2645588697189384,0.6314354869212786,0.18808827998891808,80,0
24,1465,1169,0.6882168777089944,0.2307604899235235,0.4127255007058037,25,1
24,910,1170,0.6797326616621708,0.23974938902916676,0.21131901963663124,25,1
24,331,1171,0.660329200595471,0.5956723711958077,0.955179163308515,97,0
24,724,1172,0.3531208682404954,0.09696702449667494,0.8655008748732299,46,1
24,603,1173,0.5197972782804574,0.2859270809708476,0.16778400139568028,78,1
24,820,1174,0.3014974791337992,0.6660875091321231,0.2802896732948015,50,0
24,647,1175,0.5967907154163188,0.07089144529386304,0.7682933155943785,63,0
24,2,1176,0.7724021772527104,0.9768003361221316,0.7839843915579275,68,1
24,793,1177,0.6986962797346445,0.7349642762766467,0.6347824388415617,7,1
24,671,1178,0.43250532828480526,0.5987435122214506,0.6918746273549624,10,1
24,937,1179,0.5247284010563011,0.5424837380181563,0.40276815590029336,35,1
24,157,1180,0.7724184966593586,0.6348566113950739,0.7830477488313194,50,0
24,297,1181,0.23285290915336143,0.7898389003899285,0.9732243815097368,60,1
24,1372,1182,0.2212985990015477,0.12656880513447621,0.5848582873161271,73,0
24,2,1183,0.4849868131360374,0.5122692152133805,0.302618614541028,1,1
24,589,1184,0.4941364782806674,0.06335899034937098,0.7137694962456765,70,0
24,901,1185,0.023472747932016813,0.7282007770094571,0.3024847055369929,13,1
24,1246,1186,0.5819463389001059,0.5864677639604561,0.9099244670497102,71,1
24,226,1187,0.4177414323005648,0.6560437341966311,0.05670393779029359,45,0
24,453,1188,0.5763797049856364,0.9436534061231817,0.23168410317598054,49,1
24,848,1189,0.9148236739390743,0.44904355461969836,0.12612557722140494,26,1
24,104,1190,0.33311808303924517,0.3195170883431113,0.4342964412397883,84,1
24,531,1191,0.10783584424794856,0.3802100356130792,0.4631033603585263,3,1
24,820,1192,0.20651868878957647,0.9062013303876804,0.5904912457443526,68,0
24,199,1193,0.3065370579122182,0.5761964791783908,0.09599712272076999,86,0
24,392,1194,0.863470095953098,0.9810131260829096,0.6740228081809515,34,0
24,228,1195,0.5490742921137304,0.9550146546949904,0.5685690258350837,72,1
24,451,1196,0.995082066501174,0.5981549207994379,0.0919176043786476,3,1
24,319,1197,0.28503201594050587,0.3637914347427649,0.028078375418136847,64,1
24,1440,1198,0.068726816118869,0.9027086055538069,0.4648464611525822,86,1
24,771,1199,0.3011881362852883,0.4466351377837766,0.20919214014085696,1,0
24,498,1200,0.9925949324479775,0.7166178100834923,0.46180026995256884,39,0
25,1226,1201,0.7430991647381311,0.4723851294518029,0.2860642027835828,83,0
25,1154,1202,0.9150613496497855,0.09004393656578813,0.16398447300621533,49,0
25,29,1203,0.5948447337089605,0.9072373467113785,0.42895387168086885,52,1
25,822,1204,0.27536345037982346,0.07465359088211598,0.3753114328443916,69,1
25,1353,1205,0.9544313789573807,0.5071164869373487,0.15248800872241253,42,0
25,1169,1206,0.22915645237479176,0.6279652645686338,0.33873452902390866,64,1
25,1170,1207,0.39711403403281453,0.9563702031609327,0.3499197776326156,43,1
25,1412,1208,0.29338780701944167,0.16975416073589178,0.3423877108463522,42,0
25,201,1209,0.6434590492433192,0.2928216934947009,0.7961357123047432,12,1
25,1139,1210,0.4180097259576758,0.46547813349631484,0.608991977182814,86,0
25,979,1211,0.9571082083445226,0.8564069568630986,0.1935032806574275,46,1
25,332,1212,0.9674200787195868,0.011246458890521227,0.5869671772407551,46,0
25,743,1213,0.09691401801436517,0.7710080607196499,0.5911955652461218,74,0
25,1077,1214,0.9283330925386885,0.5665565185609966,0.013152316397376906,37,1
25,870,1215,0.7979960151715466,0.8768848119653644,0.4610934012160156,64,1
25,807,1216,0.7123374361336763,0.14734130930155476,0.6711991654004088,34,1
25,120,1217,0.36278598135338924,0.8525890389370802,0.8206052513093222,8,1
25,166,1218,0.6795572398649928,0.7993880229559965,0.38934254029497517,80,1
25,355,1219,0.8106664339207681,0.7801508334641117,0.8390487259076014,62,1
25,81,1220,0.8304247459573004,0.9495722363785568,0.9256002103286575,78,0
25,920,1221,0.8057756185030537,0.472913510679671,0.15038187418305993,22,0
25,765,1222,0.32002359005974923,0.38165330654040797,0.16125237861419994,85,1
25,372,1223,0.1850129920243343,0.6334665510169601,0.7625995293913409,51,0
25,989,1224,0.543775350622909,0.10545981037154184,0.19890487402222512,42,0
25,1167,1225,0.25422602090442203,0.6768131634804934,0.6904620886910384,6,0
25,737,1226,0.784985182331391,0.3390227203143559,0.699673353369737,34,1
25,992,1227,0.044669986523723004,0.42140908914317055,0.24874614600294764,7,1
25,233,1228,0.42540854765452796,0.2176738606534473,0.05349332707584986,22,1
25,1281,1229,0.7785880290226876,0.8773188259647436,0.7459473113859149,72,0
25,967,1230,0.08055910408764755,0.10842416853356307,0.24429595523714054,9,0
25,240,1231,0.6869791452858537,0.01024861045610126,0.8308664309048075,7,1
25,1399,1232,0.23106325649730475,0.9648148567213467,0.048149255821016146,55,0
25,890,1233,0.12739389279891733,0.4332743395518036,0.6033402674140954,94,0
25,45,1234,0.30788685458383913,0.6076536589712097,0.8310053251558246,18,0
25,1472,1235,0.019336247994177436,0.9523074324592304,0.18843894647816029,12,1
25,443,1236,0.6300224972868235,0.47870498915524073,0.026565365598574364,63,1
25,614,1237,0.3329088828900948,0.6289912579460867,0.31323912447117974,28,0
25,733,1238,0.9937111994613984,0.8156288564170905,0.9720609562682166,39,1
25,324,1239,0.09783934694564322,0.9398443186273435,0.6151606140223622,63,0
25,1318,1240,0.8948842758420368,0.7531838814305755,0.22246208179395532,10,1
25,939,1241,0.49795774868912823,0.10245610421905005,0.9898630417328109,66,0
25,1289,1242,0.11770071909301127,0.3205950560220425,0.48897602711194466,99,1
25,1233,1243,0.8561173411486968,0.24986687113797468,0.20596482753860146,66,1
25,1176,1244,0.11104556365185225,0.031072787614611075,0.8619138667484416,92,0
25,238,1245,0.6458592807629719,0.8539227359375052,0.6634276587586114,17,0
25,27,1246,0.24521756260971372,0.07426079107201211,0.24240617352574345,26,0
25,61,1247,0.44911754420633043,0.1362982789011753,0.7707452635835542,52,0
25,164,1248,0.5730199230654361,0.9194539888274886,0.5911143919541461,42,0
25,1290,1249,0.91967545958765,0.46160008373233397,0.028887231279699277,26,1
25,273,1250,0.284513760487612,0.8498852650966897,0.8798936826675624,51,1
